ADM3_EN,ADM3_PCODE,ADM3_REF,ADM3ALT1_EN,ADM3ALT2_EN,ADM2_EN,ADM2_PCODE,ADM1_EN,ADM1_PCODE,ADM0_EN,ADM0_PCODE,AREA_SQKM
A Buon Leu,KH110202,,,,Kaoh Nheaek,KH1102,Mondul Kiri,KH11,Cambodia,KH,653.4503174
Achar Leak,KH060309,,,,Stueng Saen,KH0603,Kampong Thom,KH06,Cambodia,KH,6.268069744
Aekakpheap,KH160603,,,,Ou Chum,KH1606,Ratanak Kiri,KH16,Cambodia,KH,23.73985291
Akphivoadth,KH040801,,,,Tuek Phos,KH0408,Kampong Chhnang,KH04,Cambodia,KH,67.01502228
Akreiy Ksatr,KH080601,,,,Lvea Aem,KH0806,Kandal,KH08,Cambodia,KH,15.72678471
Amleang,KH050801,,,,Thpong,KH0508,Kampong Speu,KH05,Cambodia,KH,243.3950958
Ampil,KH030601,,,,Kampong Siem,KH0306,Kampong Cham,KH03,Cambodia,KH,27.44750214
Ampil,KH171011,,,,Siem Reap,KH1710,Siemreap,KH17,Cambodia,KH,55.60217667
Ampil,KH200401,,,,Romeas Haek,KH2004,Svay Rieng,KH20,Cambodia,KH,55.07974243
Ampil,KH220201,,,,Banteay Ampil,KH2202,Oddar Meanchey,KH22,Cambodia,KH,364.5556641
Ampil Krau,KH141201,,,,Sithor Kandal,KH1412,Prey Veng,KH14,Cambodia,KH,36.74080276
Ampil Pram Daeum,KH020405,,,,Bavel,KH0204,Battambang,KH02,Cambodia,KH,162.7225189
Ampil Ta Pok,KH250401,,,,Ou Reang Ov,KH2504,Tboung Khmum,KH25,Cambodia,KH,27.15592384
Ampil Tuek,KH040501,,,,Kampong Tralach,KH0405,Kampong Chhnang,KH04,Cambodia,KH,109.4784393
Ampov Prey,KH080101,,,,Kandal Stueng,KH0801,Kandal,KH08,Cambodia,KH,13.70770836
Andaeuk Haeb,KH020702,,,,Rotonak Mondol,KH0207,Battambang,KH02,Cambodia,KH,121.3319931
Andoung Khmer,KH070804,,,,Kampot,KH0708,Kampot,KH07,Cambodia,KH,26.26494217
Andoung Pou,KH060112,,,,Baray,KH0601,Kampong Thom,KH06,Cambodia,KH,25.27022552
Andoung Pou,KH200402,,,,Romeas Haek,KH2004,Svay Rieng,KH20,Cambodia,KH,26.75672913
Andoung Snay,KH040601,,,,Rolea B'ier,KH0406,Kampong Chhnang,KH04,Cambodia,KH,37.96245956
Andoung Thma,KH180201,,,,Prey Nob,KH1802,Preah Sihanouk,KH18,Cambodia,KH,49.05202866
Andoung Trabaek,KH200403,,,,Romeas Haek,KH2004,Svay Rieng,KH20,Cambodia,KH,47.30049133
Andoung Tuek,KH090101,,,,Botum Sakor,KH0901,Koh Kong,KH09,Cambodia,KH,408.8415222
Ang Sophy,KH070609,,,,Kampong Trach,KH0706,Kampot,KH07,Cambodia,KH,16.30982208
Angk Kaev,KH211006,,,,Treang,KH2110,Takeo,KH21,Cambodia,KH,32.98364639
Angk Khnor,KH211002,,,,Treang,KH2110,Takeo,KH21,Cambodia,KH,18.34999275
Angk Phnum Touch,KH070101,,,,Angkor Chey,KH0701,Kampot,KH07,Cambodia,KH,16.99713707
Angk Popel,KH050301,,,,Kong Pisei,KH0503,Kampong Speu,KH05,Cambodia,KH,18.84019661
Angk Prasat,KH210401,,,,Kiri Vong,KH2104,Takeo,KH21,Cambodia,KH,59.40298462
Angk Prasrae,KH200404,,,,Romeas Haek,KH2004,Svay Rieng,KH20,Cambodia,KH,30.35054779
Angk Romeas,KH070509,,,,Dang Tong,KH0705,Kampot,KH07,Cambodia,KH,18.50795364
Angk Ta Saom,KH210901,,,,Tram Kak,KH2109,Takeo,KH21,Cambodia,KH,31.92026138
Angk Ta Sou,KH200501,,,,Svay Chrum,KH2005,Svay Rieng,KH20,Cambodia,KH,13.24454594
Angkanh,KH210601,,,,Prey Kabbas,KH2106,Takeo,KH21,Cambodia,KH,12.59095001
Angkanh,KH211001,,,,Treang,KH2110,Takeo,KH21,Cambodia,KH,16.29198265
Angkaol,KH230101,,,,Damnak Chang'aeur,KH2301,Kep,KH23,Cambodia,KH,37.9995079
Angkor Angk,KH140601,,,,Peam Chor,KH1406,Prey Veng,KH14,Cambodia,KH,34.58021164
Angkor Ban,KH021002,,,,Sampov Lun,KH0210,Battambang,KH02,Cambodia,KH,65.67607117
Angkor Ban,KH030701,,,,Kang Meas,KH0307,Kampong Cham,KH03,Cambodia,KH,18.01285553
Angkor Borei,KH210101,,,,Angkor Borei,KH2101,Takeo,KH21,Cambodia,KH,47.61140442
Angkor Reach,KH140901,,,,Preah Sdach,KH1409,Prey Veng,KH14,Cambodia,KH,42.26992798
Angkor Sar,KH140501,,,,Me Sang,KH1405,Prey Veng,KH14,Cambodia,KH,30.54908371
Angkor Tret,KH141301,,,,Svay Antor,KH1413,Prey Veng,KH14,Cambodia,KH,47.31358719
Anhchaeum,KH250701,,,,Tboung Khmum,KH2507,Tboung Khmum,KH25,Cambodia,KH,61.76826477
Anhchanh Rung,KH040101,,,,Baribour,KH0401,Kampong Chhnang,KH04,Cambodia,KH,68.23445129
Ankor Chey,KH070102,,,,Angkor Chey,KH0701,Kampot,KH07,Cambodia,KH,14.80323792
Anlong Chrey,KH190505,,,,Thala Barivat,KH1905,Stung Treng,KH19,Cambodia,KH,622.1334229
Anlong Phe,KH190501,,,,Thala Barivat,KH1905,Stung Treng,KH19,Cambodia,KH,251.572998
Anlong Reab,KH150603,,,,Veal Veaeng,KH1506,Pursat,KH15,Cambodia,KH,655.0025024
Anlong Romiet,KH080102,,,,Kandal Stueng,KH0801,Kandal,KH08,Cambodia,KH,5.711087704
Anlong Run,KH020205,,,,Thma Koul,KH0202,Battambang,KH02,Cambodia,KH,84.43118286
Anlong Samnar,KH170401,,,,Chi Kraeng,KH1704,Siemreap,KH17,Cambodia,KH,276.7576599
Anlong Tnaot,KH150301,,,,Krakor,KH1503,Pursat,KH15,Cambodia,KH,82.7177887
Anlong Veaeng,KH220101,,,,Anlong Veaeng,KH2201,Oddar Meanchey,KH22,Cambodia,KH,391.6000366
Anlong Vil,KH020801,,,,Sangkae,KH0208,Battambang,KH02,Cambodia,KH,40.31229782
Anlong Vil,KH150201,,,,Kandieng,KH1502,Pursat,KH15,Cambodia,KH,31.76584625
Ansa Chambak,KH150302,,,,Krakor,KH1503,Pursat,KH15,Cambodia,KH,213.23172
Ansaong,KH140301,,,,Kampong Trabaek,KH1403,Prey Veng,KH14,Cambodia,KH,28.74666977
Areaks Tnot,KH031501,,,,Stueng Trang,KH0315,Kampong Cham,KH03,Cambodia,KH,35.47733307
B'er,KH040303,Ber,,,Kampong Chhnang,KH0403,Kampong Chhnang,KH04,Cambodia,KH,2.128838539
Ba Baong,KH140701,,,,Peam Ro,KH1407,Prey Veng,KH14,Cambodia,KH,50.54109573
Ba Srae,KH210102,,,,Angkor Borei,KH2101,Takeo,KH21,Cambodia,KH,43.31095505
Ba Tang,KH160505,,,,Lumphat,KH1605,Ratanak Kiri,KH16,Cambodia,KH,103.804245
Baek Chan,KH080801,,,,Angk Snuol,KH0808,Kandal,KH08,Cambodia,KH,13.53186798
Bak Anloung,KH220501,,,,Trapeang Prasat,KH2205,Oddar Meanchey,KH22,Cambodia,KH,137.5228119
Bak Chenhchien,KH150401,,,,Phnum Kravanh,KH1504,Pursat,KH15,Cambodia,KH,42.18428421
Bak Dav,KH080301,,,,Khsach Kandal,KH0803,Kandal,KH08,Cambodia,KH,9.487377167
Bak Kaeng,KH121005,,,,Chraoy Chongvar,KH1210,Phnom Penh,KH12,Cambodia,KH,24.82393265
Bak Sna,KH060101,,,,Baray,KH0601,Kampong Thom,KH06,Cambodia,KH,44.90935516
Bakong,KH170902,,,,Prasat Bakong,KH1709,Siemreap,KH17,Cambodia,KH,25.43444824
Ballangk,KH060102,,,,Baray,KH0601,Kampong Thom,KH06,Cambodia,KH,43.34088898
Ballangk,KH170903,,,,Prasat Bakong,KH1709,Siemreap,KH17,Cambodia,KH,42.56520844
Ban Kam,KH210602,,,,Prey Kabbas,KH2106,Takeo,KH21,Cambodia,KH,18.41472816
Baniev,KH070301,,,,Chhuk,KH0703,Kampot,KH07,Cambodia,KH,20.90902519
Banlich Prasat,KH140702,,,,Peam Ro,KH1407,Prey Veng,KH14,Cambodia,KH,17.53390694
Bansay Reak,KH220401,,,,Samraong,KH2204,Oddar Meanchey,KH22,Cambodia,KH,116.9373398
Bansay Traeng,KH020209,,,,Thma Koul,KH0202,Battambang,KH02,Cambodia,KH,59.42894745
Banteay Chakrei,KH140902,,,,Preah Sdach,KH1409,Prey Veng,KH14,Cambodia,KH,84.04066467
Banteay Chhmar,KH010701,,,,Thma Puok,KH0107,Banteay Meanchey,KH01,Cambodia,KH,460.5670471
Banteay Daek,KH080201,,,,Kien Svay,KH0802,Kandal,KH08,Cambodia,KH,54.85411072
Banteay Dei,KH150508,,,,Pursat,KH1505,Pursat,KH15,Cambodia,KH,14.59742737
Banteay Krang,KH200201,,,,Kampong Rou,KH2002,Svay Rieng,KH20,Cambodia,KH,28.52453613
Banteay Meas Khang Kaeut,KH070201,,,,Banteay Meas,KH0702,Kampot,KH07,Cambodia,KH,35.48974228
Banteay Meas Khang Lech,KH070202,,,,Banteay Meas,KH0702,Kampot,KH07,Cambodia,KH,33.76504517
Banteay Neang,KH010201,,,,Mongkol Borei,KH0102,Banteay Meanchey,KH01,Cambodia,KH,51.95681381
Banteay Preal,KH040602,,,,Rolea B'ier,KH0406,Kampong Chhnang,KH04,Cambodia,KH,50.63565826
Banteay Stoung,KH060801,,,,Stoung,KH0608,Kampong Thom,KH06,Cambodia,KH,55.56151581
Bar Kham,KH160701,,,,Ou Ya Dav,KH1607,Ratanak Kiri,KH16,Cambodia,KH,320.5949402
Bar Yakha,KH240104,,,,Pailin,KH2401,Pailin,KH24,Cambodia,KH,134.915802
Barang Thleak,KH021104,,,,Phnum Proek,KH0211,Battambang,KH02,Cambodia,KH,68.26642609
Baray,KH031301,,,,Prey Chhor,KH0313,Kampong Cham,KH03,Cambodia,KH,30.48966026
Baray,KH031401,,,,Srei Santhor,KH0314,Kampong Cham,KH03,Cambodia,KH,57.22998428
Baray,KH060103,,,,Baray,KH0601,Kampong Thom,KH06,Cambodia,KH,141.7386475
Baray,KH141001,,,,Prey Veng,KH1410,Prey Veng,KH14,Cambodia,KH,30.02479935
Baray,KH210801,,,,Doun Kaev,KH2108,Takeo,KH21,Cambodia,KH,44.39459229
Barku,KH080103,,,,Kandal Stueng,KH0801,Kandal,KH08,Cambodia,KH,6.977980614
Barong,KH080602,,,,Lvea Aem,KH0806,Kandal,KH08,Cambodia,KH,44.83203888
Basak,KH021405,,,,Rukh Kiri,KH0214,Battambang,KH02,Cambodia,KH,97.83079529
Basak,KH200502,,,,Svay Chrum,KH2005,Svay Rieng,KH20,Cambodia,KH,49.23336411
Basedth,KH050101,,,,Basedth,KH0501,Kampong Speu,KH05,Cambodia,KH,33.1702652
Bat Trang,KH010202,,,,Mongkol Borei,KH0102,Banteay Meanchey,KH01,Cambodia,KH,40.33871078
Batheay,KH030101,,,,Batheay,KH0301,Kampong Cham,KH03,Cambodia,KH,92.4937973
Bati,KH200801,,,,Bavet,KH2008,Svay Rieng,KH20,Cambodia,KH,41.59657669
Bavel,KH020401,,,,Bavel,KH0204,Battambang,KH02,Cambodia,KH,59.85609436
Bavet,KH200802,,,,Bavet,KH2008,Svay Rieng,KH20,Cambodia,KH,47.93238449
Bay Damram,KH020103,,,,Banan,KH0201,Battambang,KH02,Cambodia,KH,44.99134064
Bei,KH180103,,,,Preah Sihanouk,KH1801,Preah Sihanouk,KH18,Cambodia,KH,13.13815594
Beng,KH220202,,,,Banteay Ampil,KH2202,Oddar Meanchey,KH22,Cambodia,KH,446.868927
Bet Trang,KH180203,,,,Prey Nob,KH1802,Preah Sihanouk,KH18,Cambodia,KH,75.05141449
Boeng,KH060104,,,,Baray,KH0601,Kampong Thom,KH06,Cambodia,KH,27.5194664
Boeng Bat Kandaol,KH150101,,,,Bakan,KH1501,Pursat,KH15,Cambodia,KH,195.1962738
Boeng Beng,KH010901,,,,Malai,KH0109,Banteay Meanchey,KH01,Cambodia,KH,30.65725327
Boeng Char,KH100401,,,,Sambour,KH1004,Kratie,KH10,Cambodia,KH,1154.541992
Boeng Daol,KH140903,,,,Preah Sdach,KH1409,Prey Veng,KH14,Cambodia,KH,51.37880325
Boeng Kak Ti Muoy,KH120407,,,,Tuol Kouk,KH1204,Phnom Penh,KH12,Cambodia,KH,1.465550542
Boeng Kak Ti Pir,KH120408,,,,Tuol Kouk,KH1204,Phnom Penh,KH12,Cambodia,KH,1.694341421
Boeng Kansaeng,KH160204,,,,Ban Lung,KH1602,Ratanak Kiri,KH16,Cambodia,KH,6.672778606
Boeng Kantuot,KH150303,,,,Krakor,KH1503,Pursat,KH15,Cambodia,KH,46.84416962
Boeng Keng Kang Ti Bei,KH120104,,,,Chamkar Mon,KH1201,Phnom Penh,KH12,Cambodia,KH,0.752835989
Boeng Keng Kang Ti Muoy,KH120102,,,,Chamkar Mon,KH1201,Phnom Penh,KH12,Cambodia,KH,1.013607383
Boeng Keng Kang Ti Pir,KH120103,,,,Chamkar Mon,KH1201,Phnom Penh,KH12,Cambodia,KH,0.319795728
Boeng Khnar,KH150102,,,,Bakan,KH1501,Pursat,KH15,Cambodia,KH,56.60121536
Boeng Khyang,KH080104,,,,Kandal Stueng,KH0801,Kandal,KH08,Cambodia,KH,18.43297577
Boeng Kok,KH030501,,,,Kampong Cham,KH0305,Kampong Cham,KH03,Cambodia,KH,3.936059237
Boeng Krum,KH080603,,,,Lvea Aem,KH0806,Kandal,KH08,Cambodia,KH,8.996779442
Boeng Lvea,KH060701,,,,Santuk,KH0607,Kampong Thom,KH06,Cambodia,KH,867.37677
Boeng Mealea,KH171301,,,,Svay Leu,KH1713,Siemreap,KH17,Cambodia,KH,187.6968842
Boeng Nay,KH031302,,,,Prey Chhor,KH0313,Kampong Cham,KH03,Cambodia,KH,67.35055542
Boeng Nimol,KH070303,,,,Chhuk,KH0703,Kampot,KH07,Cambodia,KH,31.80925751
Boeng Preah,KH140101,,,,Ba Phnum,KH1401,Prey Veng,KH14,Cambodia,KH,41.39887238
Boeng Preav,KH090601,,,,Srae Ambel,KH0906,Koh Kong,KH09,Cambodia,KH,90.27048492
Boeng Pring,KH020207,,,,Thma Koul,KH0202,Battambang,KH02,Cambodia,KH,81.55686188
Boeng Proluet,KH120308,,,,Prampir Meakkakra,KH1203,Phnom Penh,KH12,Cambodia,KH,0.431398004
Boeng Pruol,KH250702,,,,Tboung Khmum,KH2507,Tboung Khmum,KH25,Cambodia,KH,23.68682289
Boeng Reang,KH021202,,,,Kamrieng,KH0212,Battambang,KH02,Cambodia,KH,34.4972496
Boeng Reang,KH120204,,,,Doun Penh,KH1202,Phnom Penh,KH12,Cambodia,KH,0.52234596
Boeng Sala Khang Cheung,KH070601,,,,Kampong Trach,KH0706,Kampot,KH07,Cambodia,KH,24.76364517
Boeng Sala Khang Tboung,KH070602,,,,Kampong Trach,KH0706,Kampot,KH07,Cambodia,KH,48.89945602
Boeng Salang,KH120410,,,,Tuol Kouk,KH1204,Phnom Penh,KH12,Cambodia,KH,0.84539628
Boeng Ta Prum,KH180202,,,,Prey Nob,KH1802,Preah Sihanouk,KH18,Cambodia,KH,31.39008331
Boeng Thum,KH120908,,,,Pur SenChey,KH1209,Phnom Penh,KH12,Cambodia,KH,16.30792046
Boeng Trabaek,KH120111,,,,Chamkar Mon,KH1201,Phnom Penh,KH12,Cambodia,KH,0.448034376
Boeng Tranh Khang Cheung,KH210701,,,,Samraong,KH2107,Takeo,KH21,Cambodia,KH,21.3901329
Boeng Tranh Khang Tboung,KH210702,,,,Samraong,KH2107,Takeo,KH21,Cambodia,KH,30.16182518
Boeng Tuk,KH070701,,,,Tuek Chhou,KH0707,Kampot,KH07,Cambodia,KH,42.05903625
Boeng Tumpun,KH120602,,,,Mean Chey,KH1206,Phnom Penh,KH12,Cambodia,KH,4.615606308
Boeung Pram,KH020408,,,,Bavel,KH0204,Battambang,KH02,Cambodia,KH,70.26202393
Borei Cholsar,KH210301,,,,Borei Cholsar,KH2103,Takeo,KH21,Cambodia,KH,67.18357086
Bos Khnor,KH030201,,,,Chamkar Leu,KH0302,Kampong Cham,KH03,Cambodia,KH,145.8417358
Bos Leav,KH100601,,,,Chetr Borei,KH1006,Kratie,KH10,Cambodia,KH,69.26955414
Bos Mon,KH200301,,,,Rumduol,KH2003,Svay Rieng,KH20,Cambodia,KH,31.97280121
Bos Sbov,KH010409,,,,Preah Netr Preah,KH0104,Banteay Meanchey,KH01,Cambodia,KH,112.3997574
Bos Sbov,KH220402,,,,Samraong,KH2204,Oddar Meanchey,KH22,Cambodia,KH,98.24202728
Bour,KH021103,,,,Phnum Proek,KH0211,Battambang,KH02,Cambodia,KH,45.63803101
Bu Sra,KH110404,,,,Pech Chreada,KH1104,Mondul Kiri,KH11,Cambodia,KH,570.248291
Buon,KH180104,,,,Preah Sihanouk,KH1801,Preah Sihanouk,KH18,Cambodia,KH,24.17279625
Cha Ung,KH160601,,,,Ou Chum,KH1606,Ratanak Kiri,KH16,Cambodia,KH,56.42747498
Chaeng Mean Chey,KH020105,,,,Banan,KH0201,Battambang,KH02,Cambodia,KH,108.8427658
Chaeung Daeung,KH060105,,,,Baray,KH0601,Kampong Thom,KH06,Cambodia,KH,71.65305328
Chak,KH040103,,,,Baribour,KH0401,Kampong Chhnang,KH04,Cambodia,KH,16.42463875
Chak,KH250402,,,,Ou Reang Ov,KH2504,Tboung Khmum,KH25,Cambodia,KH,60.10856628
Chak Angrae Kraom,KH120607,,,,Mean Chey,KH1206,Phnom Penh,KH12,Cambodia,KH,9.593474388
Chak Angrae Leu,KH120606,,,,Mean Chey,KH1206,Phnom Penh,KH12,Cambodia,KH,3.488869667
Chakto Mukh,KH120207,,,,Doun Penh,KH1202,Phnom Penh,KH12,Cambodia,KH,1.526274204
Cham,KH140302,,,,Kampong Trabaek,KH1403,Prey Veng,KH14,Cambodia,KH,46.69895935
Chamb├ók,KH100301,Chambok,,,Prek Prasab,KH1003,Kratie,KH10,Cambodia,KH,106.9885635
Chambak,KH050601,,,,Phnum Sruoch,KH0506,Kampong Speu,KH05,Cambodia,KH,82.64028931
Chambak,KH200503,,,,Svay Chrum,KH2005,Svay Rieng,KH20,Cambodia,KH,35.79500198
Chambak,KH210201,,,,Bati,KH2102,Takeo,KH21,Cambodia,KH,23.20825958
Chamkar Andoung,KH030202,,,,Chamkar Leu,KH0302,Kampong Cham,KH03,Cambodia,KH,108.2222214
Chamkar Leu,KH190502,,,,Thala Barivat,KH1905,Stung Treng,KH19,Cambodia,KH,159.9170837
Chamkar Luong,KH180401,,,,Kampong Seila,KH1804,Preah Sihanouk,KH18,Cambodia,KH,110.9353333
Chamna Kraom,KH060802,,,,Stoung,KH0608,Kampong Thom,KH06,Cambodia,KH,236.6612549
Chamna Leu,KH060803,,,,Stoung,KH0608,Kampong Thom,KH06,Cambodia,KH,34.53784561
Chamnaom,KH010203,,,,Mongkol Borei,KH0102,Banteay Meanchey,KH01,Cambodia,KH,115.0001984
Champa,KH210603,,,,Prey Kabbas,KH2106,Takeo,KH21,Cambodia,KH,15.7811718
Champei,KH070103,,,,Angkor Chey,KH0701,Kampot,KH07,Cambodia,KH,32.68837738
Champei,KH210202,,,,Bati,KH2102,Takeo,KH21,Cambodia,KH,22.63156509
Chamraeun,KH130601,,,,Sangkum Thmei,KH1306,Preah Vihear,KH13,Cambodia,KH,140.4795837
Chamraeun Phal,KH150501,,,,Pursat,KH1505,Pursat,KH15,Cambodia,KH,58.76557922
Chan Mul,KH250301,,,,Memot,KH2503,Tboung Khmum,KH25,Cambodia,KH,28.65015221
Chan Sa,KH171101,,,,Soutr Nikom,KH1711,Siemreap,KH17,Cambodia,KH,93.33178711
Chan Saen,KH050501,,,,Odongk,KH0505,Kampong Speu,KH05,Cambodia,KH,32.88913727
Changha,KH010501,,,,Ou Chrov,KH0105,Banteay Meanchey,KH01,Cambodia,KH,66.09890747
Changkrang,KH100602,,,,Chetr Borei,KH1006,Kratie,KH10,Cambodia,KH,244.5063171
Chanleas Dai,KH170601,,,,Kralanh,KH1706,Siemreap,KH17,Cambodia,KH,72.21276855
Chantrea,KH200103,,,,Chantrea,KH2001,Svay Rieng,KH20,Cambodia,KH,61.53210831
Chantrei,KH200405,,,,Romeas Haek,KH2004,Svay Rieng,KH20,Cambodia,KH,27.83342743
Chaom Chau,KH120904,,,,Pur SenChey,KH1209,Phnom Penh,KH12,Cambodia,KH,26.68004608
Chaong Maong,KH040803,,,,Tuek Phos,KH0408,Kampong Chhnang,KH04,Cambodia,KH,64.71553802
Char,KH210604,,,,Prey Kabbas,KH2106,Takeo,KH21,Cambodia,KH,30.79744339
Char Chhuk,KH170101,,,,Angkor Chum,KH1701,Siemreap,KH17,Cambodia,KH,51.0693779
Chbar Ampov,KH030102,,,,Batheay,KH0301,Kampong Cham,KH03,Cambodia,KH,41.81467056
Chbar Ampov Ti Pir,KH121202,,,,Chbar Ampov,KH1212,Phnom Penh,KH12,Cambodia,KH,1.210658908
Chbar Mon,KH050201,,,,Chbar Mon,KH0502,Kampong Speu,KH05,Cambodia,KH,32.89043427
Chea Khlang,KH141302,,,,Svay Antor,KH1413,Prey Veng,KH14,Cambodia,KH,26.22716522
Cheach,KH140201,,,,Kamchay Mear,KH1402,Prey Veng,KH14,Cambodia,KH,65.75080872
Chealea,KH030103,,,,Batheay,KH0301,Kampong Cham,KH03,Cambodia,KH,42.97926712
Cheang Daek,KH140303,,,,Kampong Trabaek,KH1403,Prey Veng,KH14,Cambodia,KH,70.79341888
Cheang Tong,KH210902,,,,Tram Kak,KH2109,Takeo,KH21,Cambodia,KH,32.31003189
Chek,KH200605,,,,Svay Rieng,KH2006,Svay Rieng,KH20,Cambodia,KH,30.48090363
Cheung Aek,KH120515,,,,Dangkao,KH1205,Phnom Penh,KH12,Cambodia,KH,13.05141354
Cheung Kaeub,KH080105,,,,Kandal Stueng,KH0801,Kandal,KH08,Cambodia,KH,16.13997459
Cheung Kou,KH180204,,,,Prey Nob,KH1802,Preah Sihanouk,KH18,Cambodia,KH,222.3828735
Cheung Kreav,KH040603,,,,Rolea B'ier,KH0406,Kampong Chhnang,KH04,Cambodia,KH,55.23130035
Cheung Kuon,KH210703,,,,Samraong,KH2107,Takeo,KH21,Cambodia,KH,21.90415382
Cheung Phnum,KH140102,,,,Ba Phnum,KH1401,Prey Veng,KH14,Cambodia,KH,39.49189758
Cheung Prey,KH030104,,,,Batheay,KH0301,Kampong Cham,KH03,Cambodia,KH,17.72812653
Cheung Roas,KH050502,,,,Odongk,KH0505,Kampong Speu,KH05,Cambodia,KH,35.5258255
Cheung Tien,KH220301,,,,Chong Kal,KH2203,Oddar Meanchey,KH22,Cambodia,KH,93.91423035
Cheung Tuek,KH141002,,,,Prey Veng,KH1410,Prey Veng,KH14,Cambodia,KH,20.93662453
Chey,KH060201,,,,Kampong Svay,KH0602,Kampong Thom,KH06,Cambodia,KH,56.09305191
Chey Chouk,KH210302,,,,Borei Cholsar,KH2103,Takeo,KH21,Cambodia,KH,33.89915848
Chey Chummeah,KH120208,,,,Doun Penh,KH1202,Phnom Penh,KH12,Cambodia,KH,0.627973735
Chey Kampok,KH140904,,,,Preah Sdach,KH1409,Prey Veng,KH14,Cambodia,KH,33.74324799
Chey Otdam,KH160501,,,,Lumphat,KH1605,Ratanak Kiri,KH16,Cambodia,KH,669.1060181
Chey Thum,KH080302,,,,Khsach Kandal,KH0803,Kandal,KH08,Cambodia,KH,30.85975075
Cheyyou,KH030203,,,,Chamkar Leu,KH0302,Kampong Cham,KH03,Cambodia,KH,46.49237061
Chhaeb Muoy,KH130201,,,,Chhaeb,KH1302,Preah Vihear,KH13,Cambodia,KH,380.8635864
Chhaeb Pir,KH130202,,,,Chhaeb,KH1302,Preah Vihear,KH13,Cambodia,KH,523.2277222
Chhak Chheu Neang,KH080803,,,,Angk Snuol,KH0808,Kandal,KH08,Cambodia,KH,7.589455128
Chhbar Ampov Ti Muoy,KH121201,,,,Chbar Ampov,KH1212,Phnom Penh,KH12,Cambodia,KH,0.406269282
Chhean Laeung,KH040701,,,,Sameakki Mean Chey,KH0407,Kampong Chhnang,KH04,Cambodia,KH,54.33171082
Chhean Mukh,KH130703,,,,Tbaeng Mean Chey,KH1307,Preah Vihear,KH13,Cambodia,KH,142.0874176
Chheu Kach,KH140103,,,,Ba Phnum,KH1401,Prey Veng,KH14,Cambodia,KH,34.57500839
Chheu Kmau,KH080401,,,,Kaoh Thum,KH0804,Kandal,KH08,Cambodia,KH,51.77051163
Chheu Teal,KH020104,,,,Banan,KH0201,Battambang,KH02,Cambodia,KH,40.1070137
Chheu Teal,KH060601,,,,Sandan,KH0606,Kampong Thom,KH06,Cambodia,KH,117.2158203
Chheu Teal,KH080202,,,,Kien Svay,KH0802,Kandal,KH08,Cambodia,KH,17.85224342
Chheu Teal,KH200507,,,,Svay Chrum,KH2005,Svay Rieng,KH20,Cambodia,KH,37.18218994
Chheu Tom,KH150304,,,,Krakor,KH1503,Pursat,KH15,Cambodia,KH,191.3770752
Chhloung,KH100101,,,,Chhloung,KH1001,Kratie,KH10,Cambodia,KH,18.50486183
Chhnal Moan,KH021306,,,,Koas Krala,KH0213,Battambang,KH02,Cambodia,KH,625.2223511
Chhnok Tru,KH040102,,,,Baribour,KH0401,Kampong Chhnang,KH04,Cambodia,KH,41.81842804
Chhuk,KH060501,,,,Prasat Sambour,KH0605,Kampong Thom,KH06,Cambodia,KH,65.60406494
Chhuk,KH070304,,,,Chhuk,KH0703,Kampot,KH07,Cambodia,KH,32.23434448
Chhuk,KH250201,,,,Krouch Chhmar,KH2502,Tboung Khmum,KH25,Cambodia,KH,131.8049622
Chhuk Khsach,KH060107,,,,Baray,KH0601,Kampong Thom,KH06,Cambodia,KH,52.96105194
Chhuk Sa,KH040502,,,,Kampong Tralach,KH0405,Kampong Chhnang,KH04,Cambodia,KH,66.87496948
Chhveang,KH080901,,,,Ponhea Lueu,KH0809,Kandal,KH08,Cambodia,KH,28.19623566
Chi Bal,KH031402,,,,Srei Santhor,KH0314,Kampong Cham,KH03,Cambodia,KH,20.43100548
Chi Kha Kraom,KH090602,,,,Srae Ambel,KH0906,Koh Kong,KH09,Cambodia,KH,71.35791016
Chi kha Leu,KH090603,,,,Srae Ambel,KH0906,Koh Kong,KH09,Cambodia,KH,595.6011353
Chi Khma,KH211003,,,,Treang,KH2110,Takeo,KH21,Cambodia,KH,16.84281731
Chi Kraeng,KH170402,,,,Chi Kraeng,KH1704,Siemreap,KH17,Cambodia,KH,66.30596924
Chi Phat,KH090705,,,,Thma Bang,KH0907,Koh Kong,KH09,Cambodia,KH,107.4946976
Chi Phoch,KH140503,,,,Me Sang,KH1405,Prey Veng,KH14,Cambodia,KH,62.08192062
Chieb,KH040802,,,,Tuek Phos,KH0408,Kampong Chhnang,KH04,Cambodia,KH,349.7853394
Chikor,KH250703,,,,Tboung Khmum,KH2507,Tboung Khmum,KH25,Cambodia,KH,45.97521591
Chirou Ti Muoy,KH250704,,,,Tboung Khmum,KH2507,Tboung Khmum,KH25,Cambodia,KH,35.70435333
Chirou Ti Pir,KH250705,,,,Tboung Khmum,KH2507,Tboung Khmum,KH25,Cambodia,KH,63.47109985
Chnuor Mean Chey,KH010401,,,,Preah Netr Preah,KH0104,Banteay Meanchey,KH01,Cambodia,KH,49.31630325
Choam,KH250302,,,,Memot,KH2503,Tboung Khmum,KH25,Cambodia,KH,56.03226089
Choam Kravien,KH250303,,,,Memot,KH2503,Tboung Khmum,KH25,Cambodia,KH,215.6981201
Choam Ksant,KH130301,,,,Choam Ksant,KH1303,Preah Vihear,KH13,Cambodia,KH,352.6460876
Choam Sangkae,KH050602,,,,Phnum Sruoch,KH0506,Kampong Speu,KH05,Cambodia,KH,128.7552795
Choam Ta Mau,KH250304,,,,Memot,KH2503,Tboung Khmum,KH25,Cambodia,KH,99.09049988
Chob,KH250706,,,,Tboung Khmum,KH2507,Tboung Khmum,KH25,Cambodia,KH,50.81464386
Chob Ta Trav,KH170201,,,,Angkor Thum,KH1702,Siemreap,KH17,Cambodia,KH,94.43926239
Chob Vari,KH010402,,,,Preah Netr Preah,KH0104,Banteay Meanchey,KH01,Cambodia,KH,83.77566528
Chol Sar,KH040201,,,,Chol Kiri,KH0402,Kampong Chhnang,KH04,Cambodia,KH,36.43828201
Chomkar Somraong,KH020304,,,,Battambang,KH0203,Battambang,KH02,Cambodia,KH,8.650201797
Chong Ampil,KH140401,,,,Kanhchriech,KH1404,Prey Veng,KH14,Cambodia,KH,35.90732193
Chong Cheach,KH250101,,,,Dambae,KH2501,Tboung Khmum,KH25,Cambodia,KH,69.49000549
Chong Doung,KH060108,,,,Baray,KH0601,Kampong Thom,KH06,Cambodia,KH,127.4585495
Chong Kal,KH220302,,,,Chong Kal,KH2203,Oddar Meanchey,KH22,Cambodia,KH,291.2523499
Chong Khnies,KH171007,,,,Siem Reap,KH1710,Siemreap,KH17,Cambodia,KH,28.47386742
Chong Phlah,KH110101,,,,Kaev Seima,KH1101,Mondul Kiri,KH11,Cambodia,KH,1156.61438
Chongruk,KH050302,,,,Kong Pisei,KH0503,Kampong Speu,KH05,Cambodia,KH,29.1875
Chrach,KH130104,,,,Chey Saen,KH1301,Preah Vihear,KH13,Cambodia,KH,293.5267639
Chrak Mtes,KH200803,,,,Bavet,KH2008,Svay Rieng,KH20,Cambodia,KH,65.09700775
Chraneang,KH060106,,,,Baray,KH0601,Kampong Thom,KH06,Cambodia,KH,23.27488136
Chrang Chamreh Ti Muoy,KH120711,,,,Russey Keo,KH1207,Phnom Penh,KH12,Cambodia,KH,2.1867311
Chrang Chamreh Ti Pir,KH120712,,,,Russey Keo,KH1207,Phnom Penh,KH12,Cambodia,KH,4.089009762
Chranouk,KH040401,,,,Kampong Leaeng,KH0404,Kampong Chhnang,KH04,Cambodia,KH,265.480072
Chreav,KH171006,,,,Siem Reap,KH1710,Siemreap,KH17,Cambodia,KH,65.61371613
Chres,KH040503,,,,Kampong Tralach,KH0405,Kampong Chhnang,KH04,Cambodia,KH,37.38827515
Chres,KH070401,,,,Chum Kiri,KH0704,Kampot,KH07,Cambodia,KH,23.66419411
Chres,KH140502,,,,Me Sang,KH1405,Prey Veng,KH14,Cambodia,KH,43.87439728
Chres,KH200104,,,,Chantrea,KH2001,Svay Rieng,KH20,Cambodia,KH,52.24361038
Chrey,KH020204,,,,Thma Koul,KH0202,Battambang,KH02,Cambodia,KH,60.4100914
Chrey,KH020605,,,,Moung Ruessei,KH0206,Battambang,KH02,Cambodia,KH,491.5484924
Chrey,KH140304,,,,Kampong Trabaek,KH1403,Prey Veng,KH14,Cambodia,KH,22.97053909
Chrey,KH141303,,,,Svay Antor,KH1413,Prey Veng,KH14,Cambodia,KH,47.12587738
Chrey Bak,KH040604,,,,Rolea B'ier,KH0406,Kampong Chhnang,KH04,Cambodia,KH,45.11271667
Chrey Khmum,KH141202,,,,Sithor Kandal,KH1412,Prey Veng,KH14,Cambodia,KH,37.05998993
Chrey Loas,KH080902,,,,Ponhea Lueu,KH0809,Kandal,KH08,Cambodia,KH,37.99219894
Chrey Seima,KH021006,,,,Sampov Lun,KH0210,Battambang,KH02,Cambodia,KH,67.37638855
Chrey Thum,KH200406,,,,Romeas Haek,KH2004,Svay Rieng,KH20,Cambodia,KH,56.82457352
Chrey Vien,KH031303,,,,Prey Chhor,KH0313,Kampong Cham,KH03,Cambodia,KH,26.54661179
Chroab,KH060702,,,,Santuk,KH0607,Kampong Thom,KH06,Cambodia,KH,63.53031921
Chrolong,KH060109,,,,Baray,KH0601,Kampong Thom,KH06,Cambodia,KH,38.06489182
Chrouy Banteay,KH100302,,,,Prek Prasab,KH1003,Kratie,KH10,Cambodia,KH,507.6098022
Chrouy Changvar,KH121001,,,,Chraoy Chongvar,KH1210,Phnom Penh,KH12,Cambodia,KH,9.764724731
Chrouy Neang Nguon,KH171201,,,,Srei Snam,KH1712,Siemreap,KH17,Cambodia,KH,77.49429321
Chrouy Pras,KH090301,,,,Kaoh Kong,KH0903,Koh Kong,KH09,Cambodia,KH,430.3759766
Chrouy Sdau,KH020206,,,,Thma Koul,KH0202,Battambang,KH02,Cambodia,KH,107.3321915
Chrouy Svay,KH090604,,,,Srae Ambel,KH0906,Koh Kong,KH09,Cambodia,KH,169.1715393
Chrouy Ta Kaev,KH080402,,,,Kaoh Thum,KH0804,Kandal,KH08,Cambodia,KH,34.96305466
Chrung Popel,KH200304,,,,Rumduol,KH2003,Svay Rieng,KH20,Cambodia,KH,25.44842339
Chum Kriel,KH070702,,,,Tuek Chhou,KH0707,Kampot,KH07,Cambodia,KH,20.74913788
Chumnik,KH250202,,,,Krouch Chhmar,KH2502,Tboung Khmum,KH25,Cambodia,KH,19.90729713
Chumnoab,KH090703,,,,Thma Bang,KH0907,Koh Kong,KH09,Cambodia,KH,65.30393982
Chumpu Proeks,KH050503,,,,Odongk,KH0505,Kampong Speu,KH05,Cambodia,KH,20.95555305
Chumpu Voan,KH070402,,,,Chum Kiri,KH0704,Kampot,KH07,Cambodia,KH,56.74530792
Chumreah Pen,KH210704,,,,Samraong,KH2107,Takeo,KH21,Cambodia,KH,33.3322525
Daeum Doung,KH070106,,,,Angkor Chey,KH0701,Kampot,KH07,Cambodia,KH,17.60472488
Daeum Rues,KH080106,,,,Kandal Stueng,KH0801,Kandal,KH08,Cambodia,KH,23.55414581
Dak Dam,KH110301,,,,Ou Reang,KH1103,Mondul Kiri,KH11,Cambodia,KH,444.8182373
Dam Daek,KH171102,,,,Soutr Nikom,KH1711,Siemreap,KH17,Cambodia,KH,26.25756454
Dambae,KH250102,,,,Dambae,KH2501,Tboung Khmum,KH25,Cambodia,KH,85.80764771
Dambouk Khpos,KH070104,,,,Angkor Chey,KH0701,Kampot,KH07,Cambodia,KH,61.43656158
Dambouk Rung,KH050603,,,,Phnum Sruoch,KH0506,Kampong Speu,KH05,Cambodia,KH,174.8691254
Damnak Ampil,KH080804,,,,Angk Snuol,KH0808,Kandal,KH08,Cambodia,KH,8.323266983
Damnak Kantuot Khang Cheung,KH070603,,,,Kampong Trach,KH0706,Kampot,KH07,Cambodia,KH,20.82194519
Damnak Kantuot Khang Tboung,KH070604,,,,Kampong Trach,KH0706,Kampot,KH07,Cambodia,KH,26.5038929
Damnak Reang,KH050513,,,,Odongk,KH0505,Kampong Speu,KH05,Cambodia,KH,33.41427994
Damnak Sokram,KH070501,,,,Dang Tong,KH0705,Kampot,KH07,Cambodia,KH,30.45946693
Damrei Choan Khla,KH060301,,,,Stueng Saen,KH0603,Kampong Thom,KH06,Cambodia,KH,9.515552521
Damrei Phong,KH100102,,,,Chhloung,KH1001,Kratie,KH10,Cambodia,KH,262.9866333
Damrei Puon,KH141304,,,,Svay Antor,KH1413,Prey Veng,KH14,Cambodia,KH,63.64081192
Damrei Slab,KH060202,,,,Kampong Svay,KH0602,Kampong Thom,KH06,Cambodia,KH,94.52288818
Damril,KH250403,,,,Ou Reang Ov,KH2504,Tboung Khmum,KH25,Cambodia,KH,45.00999069
Dan Koum,KH070105,,,,Angkor Chey,KH0701,Kampot,KH07,Cambodia,KH,29.94041634
Dan Run,KH171103,,,,Soutr Nikom,KH1711,Siemreap,KH17,Cambodia,KH,120.587471
Dang Kambet,KH060602,,,,Sandan,KH0606,Kampong Thom,KH06,Cambodia,KH,451.0274048
Dang Kdar,KH031503,,,,Stueng Trang,KH0315,Kampong Cham,KH03,Cambodia,KH,198.2939148
Dang Peaeng,KH090605,,,,Srae Ambel,KH0906,Koh Kong,KH09,Cambodia,KH,1283.345947
Dang Tong,KH070502,,,,Dang Tong,KH0705,Kampot,KH07,Cambodia,KH,42.65460587
Dang Tong,KH090402,,,,Khemara Phoumin,KH0904,Koh Kong,KH09,Cambodia,KH,1.925179482
Dangkao,KH120501,,,,Dangkao,KH1205,Phnom Penh,KH12,Cambodia,KH,14.19037056
Dar,KH040402,,,,Kampong Leaeng,KH0404,Kampong Chhnang,KH04,Cambodia,KH,87.77105713
Dar,KH100603,,,,Chetr Borei,KH1006,Kratie,KH10,Cambodia,KH,150.7300873
Dar,KH250305,,,,Memot,KH2503,Tboung Khmum,KH25,Cambodia,KH,113.3342819
Dechou Akphivoadth,KH070315,,,,Chhuk,KH0703,Kampot,KH07,Cambodia,KH,266.1959229
Dei Edth,KH080203,,,,Kien Svay,KH0802,Kandal,KH08,Cambodia,KH,20.72535324
Doeum Mien,KH081103,,,,Ta Khmau,KH0811,Kandal,KH08,Cambodia,KH,3.160892963
Doun Ba,KH021305,,,,Koas Krala,KH0213,Battambang,KH02,Cambodia,KH,119.0638657
Doun Kaev,KH170702,,,,Puok,KH1707,Siemreap,KH17,Cambodia,KH,54.16654205
Doun Koeng,KH140202,,,,Kamchay Mear,KH1402,Prey Veng,KH14,Cambodia,KH,47.0640564
Doun Peng,KH170102,,,,Angkor Chum,KH1701,Siemreap,KH17,Cambodia,KH,63.53507233
Doun Sa,KH200508,,,,Svay Chrum,KH2005,Svay Rieng,KH20,Cambodia,KH,27.48585129
Doun Yay,KH070305,,,,Chhuk,KH0703,Kampot,KH07,Cambodia,KH,9.523986816
Doung,KH060401,,,,Prasat Ballangk,KH0604,Kampong Thom,KH06,Cambodia,KH,91.16078949
Doung,KH200407,,,,Romeas Haek,KH2004,Svay Rieng,KH20,Cambodia,KH,55.26019669
Doung,KH210203,,,,Bati,KH2102,Takeo,KH21,Cambodia,KH,25.80068207
Doung Khpos,KH210303,,,,Borei Cholsar,KH2103,Takeo,KH21,Cambodia,KH,28.35915184
Dountei,KH250501,,,,Ponhea Kraek,KH2505,Tboung Khmum,KH25,Cambodia,KH,102.0372086
Hab,KH021303,,,,Koas Krala,KH0213,Battambang,KH02,Cambodia,KH,47.97515488
Han Chey,KH100103,,,,Chhloung,KH1001,Kratie,KH10,Cambodia,KH,25.71752167
Hanchey,KH030602,,,,Kampong Siem,KH0306,Kampong Cham,KH03,Cambodia,KH,27.52757645
Haong Samnam,KH050401,,,,Aoral,KH0504,Kampong Speu,KH05,Cambodia,KH,96.97229767
Hat Pak,KH160903,,,,Veun Sai,KH1609,Ratanak Kiri,KH16,Cambodia,KH,146.0670624
K'am Samnar,KH080502,Kam Samnar,,,Leuk Daek,KH0805,Kandal,KH08,Cambodia,KH,28.7371769
Ka Choun,KH160904,,,,Veun Sai,KH1609,Ratanak Kiri,KH16,Cambodia,KH,81.95594025
Ka Laeng,KH160502,,,,Lumphat,KH1605,Ratanak Kiri,KH16,Cambodia,KH,520.0491333
Kachanh,KH160201,,,,Ban Lung,KH1602,Ratanak Kiri,KH16,Cambodia,KH,133.086319
Kaeb,KH230201,,,,Kaeb,KH2302,Kep,KH23,Cambodia,KH,22.43325806
Kaev Phos,KH180304,,,,Stueng Hav,KH1803,Preah Sihanouk,KH18,Cambodia,KH,130.7573547
Kaev Poar,KH170704,,,,Puok,KH1707,Siemreap,KH17,Cambodia,KH,102.8428116
Kahaeng,KH050702,,,,Samraong Tong,KH0507,Kampong Speu,KH05,Cambodia,KH,20.79226112
Kak,KH050113,,,,Basedth,KH0501,Kampong Speu,KH05,Cambodia,KH,23.59659576
Kak,KH160301,,,,Bar Kaev,KH1603,Ratanak Kiri,KH16,Cambodia,KH,95.64170074
Kak,KH250502,,,,Ponhea Kraek,KH2505,Tboung Khmum,KH25,Cambodia,KH,179.3348846
Kakab,KH120905,,,,Pur SenChey,KH1209,Phnom Penh,KH12,Cambodia,KH,12.61705112
Kakaoh,KH020607,,,,Moung Ruessei,KH0206,Battambang,KH02,Cambodia,KH,85.693367
Kakaoh,KH060704,,,,Santuk,KH0607,Kampong Thom,KH06,Cambodia,KH,124.6332397
Kalai,KH160604,,,,Ou Chum,KH1606,Ratanak Kiri,KH16,Cambodia,KH,61.32016754
Kamboul,KH120909,,,,Pur SenChey,KH1209,Phnom Penh,KH12,Cambodia,KH,18.34204483
Kamnab,KH210403,,,,Kiri Vong,KH2104,Takeo,KH21,Cambodia,KH,26.87239265
Kampeaeng,KH210404,,,,Kiri Vong,KH2104,Takeo,KH21,Cambodia,KH,48.42345428
Kampeaeng,KH210605,,,,Prey Kabbas,KH2106,Takeo,KH21,Cambodia,KH,26.34059525
Kampenh,KH180301,,,,Stueng Hav,KH1803,Preah Sihanouk,KH18,Cambodia,KH,6.307947636
Kamphun,KH190101,,,,Sesan,KH1901,Stung Treng,KH19,Cambodia,KH,178.744339
Kampoan,KH250306,,,,Memot,KH2503,Tboung Khmum,KH25,Cambodia,KH,212.1795807
Kampong Ampil,KH200305,,,,Rumduol,KH2003,Svay Rieng,KH20,Cambodia,KH,24.40572929
Kampong Bay,KH070803,,,,Kampot,KH0708,Kampot,KH07,Cambodia,KH,1.737753153
Kampong Chak,KH200303,,,,Rumduol,KH2003,Svay Rieng,KH20,Cambodia,KH,23.51413155
Kampong Cham,KH030502,,,,Kampong Cham,KH0305,Kampong Cham,KH03,Cambodia,KH,1.497114658
Kampong Cham,KH100402,,,,Sambour,KH1004,Kratie,KH10,Cambodia,KH,653.4516602
Kampong Chamlang,KH080303,,,,Khsach Kandal,KH0803,Kandal,KH08,Cambodia,KH,10.00904846
Kampong Chamlang,KH200504,,,,Svay Chrum,KH2005,Svay Rieng,KH20,Cambodia,KH,41.68313217
Kampong Chen Cheung,KH060804,,,,Stoung,KH0608,Kampong Thom,KH06,Cambodia,KH,38.78171921
Kampong Chen Tboung,KH060805,,,,Stoung,KH0608,Kampong Thom,KH06,Cambodia,KH,8.928499222
Kampong Chhnang,KH040302,,,,Kampong Chhnang,KH0403,Kampong Chhnang,KH04,Cambodia,KH,21.2775631
Kampong Damrei,KH100104,,,,Chhloung,KH1001,Kratie,KH10,Cambodia,KH,324.4657593
Kampong Hau,KH040403,,,,Kampong Leaeng,KH0404,Kampong Chhnang,KH04,Cambodia,KH,49.5983963
Kampong Kandal,KH070801,,,,Kampot,KH0708,Kampot,KH07,Cambodia,KH,1.973440886
Kampong Kdei,KH170403,,,,Chi Kraeng,KH1704,Siemreap,KH17,Cambodia,KH,31.28807068
Kampong Khleang,KH171104,,,,Soutr Nikom,KH1711,Siemreap,KH17,Cambodia,KH,210.2205048
Kampong Kong,KH080403,,,,Kaoh Thum,KH0804,Kandal,KH08,Cambodia,KH,39.94724655
Kampong Kor,KH100303,,,,Prek Prasab,KH1003,Kratie,KH10,Cambodia,KH,53.65372086
Kampong Kou,KH060203,,,,Kampong Svay,KH0602,Kampong Thom,KH06,Cambodia,KH,282.1490173
Kampong Krabau,KH060306,,,,Stueng Saen,KH0603,Kampong Thom,KH06,Cambodia,KH,5.948516369
Kampong Kraeng,KH070703,,,,Tuek Chhou,KH0707,Kampot,KH07,Cambodia,KH,16.46866035
Kampong Krasang,KH210304,,,,Borei Cholsar,KH2103,Takeo,KH21,Cambodia,KH,69.2473526
Kampong Leav,KH141003,,,,Prey Veng,KH1410,Prey Veng,KH14,Cambodia,KH,17.66661453
Kampong Lpov,KH020902,,,,Samlout,KH0209,Battambang,KH02,Cambodia,KH,388.2807617
Kampong Luong,KH080903,,,,Ponhea Lueu,KH0809,Kandal,KH08,Cambodia,KH,18.64634705
Kampong Luong,KH150305,,,,Krakor,KH1503,Pursat,KH15,Cambodia,KH,14.61366177
Kampong Os,KH080904,,,,Ponhea Lueu,KH0809,Kandal,KH08,Cambodia,KH,68.89810181
Kampong Ous,KH040203,,,,Chol Kiri,KH0402,Kampong Chhnang,KH04,Cambodia,KH,40.3214035
Kampong Phluk,KH170904,,,,Prasat Bakong,KH1709,Siemreap,KH17,Cambodia,KH,105.4458542
Kampong Phnum,KH080501,,,,Leuk Daek,KH0805,Kandal,KH08,Cambodia,KH,79.12898254
Kampong Popil,KH140801,,,,Pea Reang,KH1408,Prey Veng,KH14,Cambodia,KH,34.88064957
Kampong Pou,KH150306,,,,Krakor,KH1503,Pursat,KH15,Cambodia,KH,74.57568359
Kampong Pranak,KH130801,,,,Preah Vihear,KH1308,Preah Vihear,KH13,Cambodia,KH,21.39103317
Kampong Prang,KH140803,,,,Pea Reang,KH1408,Prey Veng,KH14,Cambodia,KH,35.51585007
Kampong Prasat,KH140602,,,,Peam Chor,KH1406,Prey Veng,KH14,Cambodia,KH,42.22595596
Kampong Preah,KH020805,,,,Sangkae,KH0208,Battambang,KH02,Cambodia,KH,266.6694946
Kampong Preah Kokir,KH040105,,,,Baribour,KH0401,Kampong Chhnang,KH04,Cambodia,KH,59.95215225
Kampong Prieng,KH020806,,,,Sangkae,KH0208,Battambang,KH02,Cambodia,KH,319.9928284
Kampong Reab,KH030801,,,,Kaoh Soutin,KH0308,Kampong Cham,KH03,Cambodia,KH,24.77666283
Kampong Reab,KH210606,,,,Prey Kabbas,KH2106,Takeo,KH21,Cambodia,KH,19.12976074
Kampong Roteh,KH060303,,,,Stueng Saen,KH0603,Kampong Thom,KH06,Cambodia,KH,0.608329892
Kampong Ruessei,KH141106,,,,Pur Rieng,KH1411,Prey Veng,KH14,Cambodia,KH,42.70635986
Kampong Samnanh,KH081106,,,,Ta Khmau,KH0811,Kandal,KH08,Cambodia,KH,3.381388664
Kampong Samraong,KH070704,,,,Tuek Chhou,KH0707,Kampot,KH07,Cambodia,KH,6.896266937
Kampong Seila,KH180402,,,,Kampong Seila,KH1804,Preah Sihanouk,KH18,Cambodia,KH,330.7185059
Kampong Soeng,KH140905,,,,Preah Sdach,KH1409,Prey Veng,KH14,Cambodia,KH,40.48836517
Kampong Sralau Muoy,KH130207,,,,Chhaeb,KH1302,Preah Vihear,KH13,Cambodia,KH,623.0784302
Kampong Sralau Pir,KH130208,,,,Chhaeb,KH1302,Preah Vihear,KH13,Cambodia,KH,199.4561768
Kampong Svay,KH010602,,,,Serei Saophoan,KH0106,Banteay Meanchey,KH01,Cambodia,KH,42.58146286
Kampong Svay,KH060204,,,,Kampong Svay,KH0602,Kampong Thom,KH06,Cambodia,KH,90.87441254
Kampong Svay,KH080204,,,,Kien Svay,KH0802,Kandal,KH08,Cambodia,KH,55.12486649
Kampong Thkov,KH170602,,,,Kralanh,KH1706,Siemreap,KH17,Cambodia,KH,15.33373833
Kampong Thma,KH060703,,,,Santuk,KH0607,Kampong Thom,KH06,Cambodia,KH,53.15394211
Kampong Thum,KH060302,,,,Stueng Saen,KH0603,Kampong Thom,KH06,Cambodia,KH,7.064085007
Kampong Trabaek,KH140307,,,,Kampong Trabaek,KH1403,Prey Veng,KH14,Cambodia,KH,28.85330772
Kampong Trach,KH200408,,,,Romeas Haek,KH2004,Svay Rieng,KH20,Cambodia,KH,51.38859177
Kampong Trach Khang Kaeut,KH070605,,,,Kampong Trach,KH0706,Kampot,KH07,Cambodia,KH,15.84313297
Kampong Trach Khang Lech,KH070606,,,,Kampong Trach,KH0706,Kampot,KH07,Cambodia,KH,78.05103302
Kampong Tralach,KH040504,,,,Kampong Tralach,KH0405,Kampong Chhnang,KH04,Cambodia,KH,37.50884247
Kampong Treas,KH250203,,,,Krouch Chhmar,KH2502,Tboung Khmum,KH25,Cambodia,KH,23.2713871
Kamrieng,KH021201,,,,Kamrieng,KH0212,Battambang,KH02,Cambodia,KH,74.1013031
Kandaek,KH170906,,,,Prasat Bakong,KH1709,Siemreap,KH17,Cambodia,KH,75.4810257
Kandaok,KH080107,,,,Kandal Stueng,KH0801,Kandal,KH08,Cambodia,KH,23.67541122
Kandaol,KH070705,,,,Tuek Chhou,KH0707,Kampot,KH07,Cambodia,KH,80.89287567
Kandaol,KH090102,,,,Botum Sakor,KH0901,Koh Kong,KH09,Cambodia,KH,155.5829315
Kandaol Chrum,KH250503,,,,Ponhea Kraek,KH2505,Tboung Khmum,KH25,Cambodia,KH,70.52677155
Kandaol Dom,KH050202,,,,Chbar Mon,KH0502,Kampong Speu,KH05,Cambodia,KH,9.09793663
Kandieng,KH150203,,,,Kandieng,KH1502,Pursat,KH15,Cambodia,KH,27.99960518
Kandieng Reay,KH200703,,,,Svay Teab,KH2007,Svay Rieng,KH20,Cambodia,KH,26.17129707
Kandoeng,KH210204,,,,Bati,KH2102,Takeo,KH21,Cambodia,KH,27.80240059
Kang Cham,KH190503,,,,Thala Barivat,KH1905,Stung Treng,KH19,Cambodia,KH,206.0747833
Kang Ta Noeng,KH030702,,,,Kang Meas,KH0307,Kampong Cham,KH03,Cambodia,KH,32.59700394
Kanhcham,KH140802,,,,Pea Reang,KH1408,Prey Veng,KH14,Cambodia,KH,56.77011108
Kanhchor,KH100105,,,,Chhloung,KH1001,Kratie,KH10,Cambodia,KH,94.31173706
Kanhchor,KH150204,,,,Kandieng,KH1502,Pursat,KH15,Cambodia,KH,85.57377625
Kanhchriech,KH140402,,,,Kanhchriech,KH1404,Prey Veng,KH14,Cambodia,KH,36.12689972
Kansoam Ak,KH140305,,,,Kampong Trabaek,KH1403,Prey Veng,KH14,Cambodia,KH,41.29304123
Kantaok,KH120910,,,,Pur SenChey,KH1209,Phnom Penh,KH12,Cambodia,KH,13.18335533
Kantreang,KH170905,,,,Prasat Bakong,KH1709,Siemreap,KH17,Cambodia,KH,27.66870499
Kantueu Muoy,KH020101,,,,Banan,KH0201,Battambang,KH02,Cambodia,KH,86.84675598
Kantueu Pir,KH020102,,,,Banan,KH0201,Battambang,KH02,Cambodia,KH,32.59485626
Kantuot,KH100604,,,,Chetr Borei,KH1006,Kratie,KH10,Cambodia,KH,121.1024857
Kantuot,KH130306,,,,Choam Ksant,KH1303,Preah Vihear,KH13,Cambodia,KH,332.2782593
Kantuot,KH171302,,,,Svay Leu,KH1713,Siemreap,KH17,Cambodia,KH,853.2645264
Kaoh Andaet,KH031404,,,,Srei Santhor,KH0314,Kampong Cham,KH03,Cambodia,KH,12.76524162
Kaoh Anlong Chen,KH081002,,,,S'ang,KH0810,Kandal,KH08,Cambodia,KH,8.229602814
Kaoh Chek,KH140603,,,,Peam Chor,KH1406,Prey Veng,KH14,Cambodia,KH,36.74370956
Kaoh Chen,KH080905,,,,Ponhea Lueu,KH0809,Kandal,KH08,Cambodia,KH,35.32211304
Kaoh Chiveang,KH020507,,,,Aek Phnum,KH0205,Battambang,KH02,Cambodia,KH,446.5288391
Kaoh Chouram,KH080304,,,,Khsach Kandal,KH0803,Kandal,KH08,Cambodia,KH,16.66759872
Kaoh Chraeng,KH100606,,,,Chetr Borei,KH1006,Kratie,KH10,Cambodia,KH,16.49310112
Kaoh Chum,KH150210,,,,Kandieng,KH1502,Pursat,KH15,Cambodia,KH,28.17062187
Kaoh Dach,KH121004,,,,Chraoy Chongvar,KH1210,Phnom Penh,KH12,Cambodia,KH,22.12695313
Kaoh Kaev,KH080604,,,,Lvea Aem,KH0806,Kandal,KH08,Cambodia,KH,11.33356667
Kaoh Kapi,KH090302,,,,Kaoh Kong,KH0903,Koh Kong,KH09,Cambodia,KH,61.17683411
Kaoh Khael,KH081003,,,,S'ang,KH0810,Kandal,KH08,Cambodia,KH,20.53551102
Kaoh Khnhaer,KH100404,,,,Sambour,KH1004,Kratie,KH10,Cambodia,KH,216.6078339
Kaoh Khsach Tonlea,KH081004,,,,S'ang,KH0810,Kandal,KH08,Cambodia,KH,9.399134636
Kaoh Mitt,KH030605,,,,Kampong Siem,KH0306,Kampong Cham,KH03,Cambodia,KH,19.11207581
Kaoh Oknha Tei,KH080305,,,,Khsach Kandal,KH0803,Kandal,KH08,Cambodia,KH,5.661227703
Kaoh Pang,KH160905,,,,Veun Sai,KH1609,Ratanak Kiri,KH16,Cambodia,KH,367.9607544
Kaoh Peak,KH160906,,,,Veun Sai,KH1609,Ratanak Kiri,KH16,Cambodia,KH,155.9277191
Kaoh Pir,KH250204,,,,Krouch Chhmar,KH2502,Tboung Khmum,KH25,Cambodia,KH,10.36664104
Kaoh Pong Satv,KH010603,,,,Serei Saophoan,KH0106,Banteay Meanchey,KH01,Cambodia,KH,15.58990669
Kaoh Preah,KH190201,,,,Siem Bouk,KH1902,Stung Treng,KH19,Cambodia,KH,30.53918648
Kaoh Reah,KH080605,,,,Lvea Aem,KH0806,Kandal,KH08,Cambodia,KH,7.853990555
Kaoh Roka,KH030606,,,,Kampong Siem,KH0306,Kampong Cham,KH03,Cambodia,KH,18.72094154
Kaoh Roka,KH140604,,,,Peam Chor,KH1406,Prey Veng,KH14,Cambodia,KH,43.68746185
Kaoh Rung,KH180105,,,,Preah Sihanouk,KH1801,Preah Sihanouk,KH18,Cambodia,KH,102.490387
Kaoh Sampeay,KH190202,,,,Siem Bouk,KH1902,Stung Treng,KH19,Cambodia,KH,64.19586182
Kaoh Sampov,KH140605,,,,Peam Chor,KH1406,Prey Veng,KH14,Cambodia,KH,123.3847351
Kaoh Samraong,KH030607,,,,Kampong Siem,KH0306,Kampong Cham,KH03,Cambodia,KH,31.62730026
Kaoh Sdach,KH090201,,,,Kiri Sakor,KH0902,Koh Kong,KH09,Cambodia,KH,172.7068939
Kaoh Snaeng,KH190504,,,,Thala Barivat,KH1905,Stung Treng,KH19,Cambodia,KH,142.0747528
Kaoh Sotin,KH030802,,,,Kaoh Soutin,KH0308,Kampong Cham,KH03,Cambodia,KH,26.00424576
Kaoh Sralay,KH190203,,,,Siem Bouk,KH1902,Stung Treng,KH19,Cambodia,KH,86.73227692
Kaoh Thkov,KH040202,,,,Chol Kiri,KH0402,Kampong Chhnang,KH04,Cambodia,KH,113.1672287
Kaoh Thum Ka,KH080404,,,,Kaoh Thum,KH0804,Kandal,KH08,Cambodia,KH,8.493239403
Kaoh Thum Kha,KH080405,,,,Kaoh Thum,KH0804,Kandal,KH08,Cambodia,KH,15.18021774
Kaoh Tontuem,KH030608,,,,Kampong Siem,KH0306,Kampong Cham,KH03,Cambodia,KH,7.078305244
Kaoh Touch,KH070707,,,,Tuek Chhou,KH0707,Kampot,KH07,Cambodia,KH,837.2131348
Kaoh Trong,KH100207,,,,Kracheh,KH1002,Kratie,KH10,Cambodia,KH,14.5328989
Kaong Kang,KH250504,,,,Ponhea Kraek,KH2505,Tboung Khmum,KH25,Cambodia,KH,46.5743103
Kaos Krala,KH021302,,,,Koas Krala,KH0213,Battambang,KH02,Cambodia,KH,27.34993553
Kat Phluk,KH050102,,,,Basedth,KH0501,Kampong Speu,KH05,Cambodia,KH,47.54803085
Kbal Damrei,KH100403,,,,Sambour,KH1004,Kratie,KH10,Cambodia,KH,623.4484863
Kbal Kaoh,KH121207,,,,Chbar Ampov,KH1212,Phnom Penh,KH12,Cambodia,KH,33.1106987
Kbal Romeas,KH190102,,,,Sesan,KH1901,Stung Treng,KH19,Cambodia,KH,737.8703613
Kbal Trach,KH150307,,,,Krakor,KH1503,Pursat,KH15,Cambodia,KH,172.1994629
Kbal Tuek,KH040804,,,,Tuek Phos,KH0408,Kampong Chhnang,KH04,Cambodia,KH,245.8139191
Kdanh,KH210607,,,,Prey Kabbas,KH2106,Takeo,KH21,Cambodia,KH,12.12708092
Kdei Doung,KH060210,,,,Kampong Svay,KH0602,Kampong Thom,KH06,Cambodia,KH,20.08321762
Kdei Run,KH170703,,,,Puok,KH1707,Siemreap,KH17,Cambodia,KH,34.60004044
Kdoeang Reay,KH140403,,,,Kanhchriech,KH1404,Prey Veng,KH14,Cambodia,KH,46.15327454
Kdol Doun Teav,KH020306,,,,Battambang,KH0203,Battambang,KH02,Cambodia,KH,9.212582588
Kdol Ta Haen,KH020406,,,,Bavel,KH0204,Battambang,KH02,Cambodia,KH,208.7331848
Kear,KH020602,,,,Moung Ruessei,KH0206,Battambang,KH02,Cambodia,KH,96.24256134
Keh Chong,KH160302,,,,Bar Kaev,KH1603,Ratanak Kiri,KH16,Cambodia,KH,104.6130371
Khchas,KH171106,,,,Soutr Nikom,KH1711,Siemreap,KH17,Cambodia,KH,53.71077347
Khchau,KH030703,,,,Kang Meas,KH0307,Kampong Cham,KH03,Cambodia,KH,25.52741432
Khcheay Khang Cheung,KH070503,,,,Dang Tong,KH0705,Kampot,KH07,Cambodia,KH,19.22148705
Khcheay Khang Tboung,KH070504,,,,Dang Tong,KH0705,Kampot,KH07,Cambodia,KH,17.95783234
Khlaeng Meas,KH020407,,,,Bavel,KH0204,Battambang,KH02,Cambodia,KH,175.0064545
Khlong Popok,KH040805,,,,Tuek Phos,KH0408,Kampong Chhnang,KH04,Cambodia,KH,109.4782181
Khmuonh,KH120803,,,,Saensokh,KH1208,Phnom Penh,KH12,Cambodia,KH,19.91262627
Khnach Romeas,KH020402,,,,Bavel,KH0204,Battambang,KH02,Cambodia,KH,75.21089172
Khnang Phnum,KH171303,,,,Svay Leu,KH1713,Siemreap,KH17,Cambodia,KH,201.9089661
Khnar Chhmar,KH040702,,,,Sameakki Mean Chey,KH0407,Kampong Chhnang,KH04,Cambodia,KH,27.70801735
Khnar Pou,KH171107,,,,Soutr Nikom,KH1711,Siemreap,KH17,Cambodia,KH,57.26921082
Khnar Sa,KH031403,,,,Srei Santhor,KH0314,Kampong Cham,KH03,Cambodia,KH,15.24057579
Khnar Sanday,KH170301,,,,Banteay Srei,KH1703,Siemreap,KH17,Cambodia,KH,77.17433167
Khnar Totueng,KH150103,,,,Bakan,KH1501,Pursat,KH15,Cambodia,KH,53.70770645
Khnat,KH170705,,,,Puok,KH1707,Siemreap,KH17,Cambodia,KH,23.51628113
Khnor Dambang,KH030301,,,,Cheung Prey,KH0303,Kampong Cham,KH03,Cambodia,KH,38.32027435
Khon Rang,KH040104,,,,Baribour,KH0401,Kampong Chhnang,KH04,Cambodia,KH,31.64074135
Khpob,KH081001,,,,S'ang,KH0810,Kandal,KH08,Cambodia,KH,33.57502747
Khpob Ateav,KH080503,,,,Leuk Daek,KH0805,Kandal,KH08,Cambodia,KH,39.42150497
Khpob Ta Nguon,KH031504,,,,Stueng Trang,KH0315,Kampong Cham,KH03,Cambodia,KH,105.5571976
Khsach Andeth,KH100106,,,,Chhloung,KH1001,Kratie,KH10,Cambodia,KH,26.83306503
Khsaetr,KH200203,,,,Kampong Rou,KH2002,Svay Rieng,KH20,Cambodia,KH,59.20041275
Khsam,KH040304,,,,Kampong Chhnang,KH0403,Kampong Chhnang,KH04,Cambodia,KH,12.57702446
Khsem Khsant,KH050504,,,,Odongk,KH0505,Kampong Speu,KH05,Cambodia,KH,41.08258057
Khsuem,KH100501,,,,Snuol,KH1005,Kratie,KH10,Cambodia,KH,1001.481873
Khtum Krang,KH050703,,,,Samraong Tong,KH0507,Kampong Speu,KH05,Cambodia,KH,72.00141907
Khun Ream,KH170302,,,,Banteay Srei,KH1703,Siemreap,KH17,Cambodia,KH,212.0442963
Khvav,KH170404,,,,Chi Kraeng,KH1704,Siemreap,KH17,Cambodia,KH,552.4130859
Khvav,KH210705,,,,Samraong,KH2107,Takeo,KH21,Cambodia,KH,30.51807404
Khvav,KH211004,,,,Treang,KH2110,Takeo,KH21,Cambodia,KH,36.96812057
Khvet Thum,KH031304,,,,Prey Chhor,KH0313,Kampong Cham,KH03,Cambodia,KH,14.92776394
Khyang,KH130103,,,,Chey Saen,KH1301,Preah Vihear,KH13,Cambodia,KH,103.3718262
Kien Chrey,KH030603,,,,Kampong Siem,KH0306,Kampong Cham,KH03,Cambodia,KH,23.98965645
Kien Sangkae,KH171105,,,,Soutr Nikom,KH1711,Siemreap,KH17,Cambodia,KH,34.96121597
Kilomaetr Lekh Prammuoy,KH120704,,,,Russey Keo,KH1207,Phnom Penh,KH12,Cambodia,KH,5.55050993
Kiri Chong Kaoh,KH210405,,,,Kiri Vong,KH2104,Takeo,KH21,Cambodia,KH,27.87321854
Kiri Voan,KH050604,,,,Phnum Sruoch,KH0506,Kampong Speu,KH05,Cambodia,KH,26.65815926
Klaeng,KH060603,,,,Sandan,KH0606,Kampong Thom,KH06,Cambodia,KH,88.44937897
Klang Hay,KH171202,,,,Srei Snam,KH1712,Siemreap,KH17,Cambodia,KH,33.00339508
Koh Ta Suy,KH100304,,,,Prek Prasab,KH1003,Kratie,KH10,Cambodia,KH,25.05024338
Kok Chak,KH171003,,,,Siem Reap,KH1710,Siemreap,KH17,Cambodia,KH,38.26660538
Kok Lak,KH160907,,,,Veun Sai,KH1609,Ratanak Kiri,KH16,Cambodia,KH,295.6141052
Koki Saom,KH200702,,,,Svay Teab,KH2007,Svay Rieng,KH20,Cambodia,KH,63.28914261
Kokir,KH080206,,,,Kien Svay,KH0802,Kandal,KH08,Cambodia,KH,15.95989227
Kokir,KH200409,,,,Romeas Haek,KH2004,Svay Rieng,KH20,Cambodia,KH,48.76253128
Kokir,KH250307,,,,Memot,KH2503,Tboung Khmum,KH25,Cambodia,KH,63.19918823
Kokir Thum,KH060110,,,,Baray,KH0601,Kampong Thom,KH06,Cambodia,KH,164.1095428
Kokir Thum,KH080207,,,,Kien Svay,KH0802,Kandal,KH08,Cambodia,KH,40.60883331
Kokor,KH030604,,,,Kampong Siem,KH0306,Kampong Cham,KH03,Cambodia,KH,21.52782059
Komar Reachea,KH210205,,,,Bati,KH2102,Takeo,KH21,Cambodia,KH,27.30226707
Kong Chey,KH250404,,,,Ou Reang Ov,KH2504,Tboung Khmum,KH25,Cambodia,KH,34.4407196
Kong Noy,KH120516,,,,Dangkao,KH1205,Phnom Penh,KH12,Cambodia,KH,3.181809664
Kor,KH031305,,,,Prey Chhor,KH0313,Kampong Cham,KH03,Cambodia,KH,27.88741684
Kor,KH250707,,,,Tboung Khmum,KH2507,Tboung Khmum,KH25,Cambodia,KH,79.59831238
Kou Khchak,KH140306,,,,Kampong Trabaek,KH1403,Prey Veng,KH14,Cambodia,KH,56.67666245
Kou Loab,KH100605,,,,Chetr Borei,KH1006,Kratie,KH10,Cambodia,KH,55.47443008
Koub,KH010502,,,,Ou Chrov,KH0105,Banteay Meanchey,KH01,Cambodia,KH,77.76828003
Kouk Ballangk,KH010204,,,,Mongkol Borei,KH0102,Banteay Meanchey,KH01,Cambodia,KH,54.92831421
Kouk Banteay,KH040605,,,,Rolea B'ier,KH0406,Kampong Chhnang,KH04,Cambodia,KH,65.0590744
Kouk Doung,KH170103,,,,Angkor Chum,KH1701,Siemreap,KH17,Cambodia,KH,144.300766
Kouk Kakthen,KH010705,,,,Thma Puok,KH0107,Banteay Meanchey,KH01,Cambodia,KH,131.5281372
Kouk Khmum,KH020208,,,,Thma Koul,KH0202,Battambang,KH02,Cambodia,KH,53.02691269
Kouk Khpos,KH220203,,,,Banteay Ampil,KH2202,Oddar Meanchey,KH22,Cambodia,KH,271.2845764
Kouk Kong Kaeut,KH140404,,,,Kanhchriech,KH1404,Prey Veng,KH14,Cambodia,KH,36.49371338
Kouk Kong Lech,KH140405,,,,Kanhchriech,KH1404,Prey Veng,KH14,Cambodia,KH,33.8722229
Kouk Mon,KH220204,,,,Banteay Ampil,KH2202,Oddar Meanchey,KH22,Cambodia,KH,270.4845886
Kouk Pou,KH210305,,,,Borei Cholsar,KH2103,Takeo,KH21,Cambodia,KH,45.17086029
Kouk Prech,KH210406,,,,Kiri Vong,KH2104,Takeo,KH21,Cambodia,KH,79.63460541
Kouk Pring,KH200509,,,,Svay Chrum,KH2005,Svay Rieng,KH20,Cambodia,KH,27.69831467
Kouk Roka,KH121104,,,,Praek Pnov,KH1211,Phnom Penh,KH12,Cambodia,KH,32.57406998
Kouk Romiet,KH010702,,,,Thma Puok,KH0107,Banteay Meanchey,KH01,Cambodia,KH,226.0070038
Kouk Rovieng,KH030302,,,,Cheung Prey,KH0303,Kampong Cham,KH03,Cambodia,KH,26.4194603
Kouk Srok,KH250103,,,,Dambae,KH2501,Tboung Khmum,KH25,Cambodia,KH,75.78326416
Kouk Thlok,KH210103,,,,Angkor Borei,KH2101,Takeo,KH21,Cambodia,KH,65.40779877
Kouk Thlok Kraom,KH170405,,,,Chi Kraeng,KH1704,Siemreap,KH17,Cambodia,KH,132.4848938
Kouk Thlok Leu,KH170406,,,,Chi Kraeng,KH1704,Siemreap,KH17,Cambodia,KH,212.9645081
Kouk Trab,KH080109,,,,Kandal Stueng,KH0801,Kandal,KH08,Cambodia,KH,6.883412838
Koul,KH060502,,,,Prasat Sambour,KH0605,Kampong Thom,KH06,Cambodia,KH,127.6358871
Koul,KH170104,,,,Angkor Chum,KH1701,Siemreap,KH17,Cambodia,KH,12.83060169
Koun Kriel,KH220403,,,,Samraong,KH2204,Oddar Meanchey,KH22,Cambodia,KH,1088.141479
Koun Satv,KH070708,,,,Tuek Chhou,KH0707,Kampot,KH07,Cambodia,KH,60.74752426
Koy Maeng,KH010205,,,,Mongkol Borei,KH0102,Banteay Meanchey,KH01,Cambodia,KH,20.55828667
Koy Trabaek,KH200603,,,,Svay Rieng,KH2006,Svay Rieng,KH20,Cambodia,KH,9.046327591
Krabau,KH140204,,,,Kamchay Mear,KH1402,Prey Veng,KH14,Cambodia,KH,55.71154022
Krabei Riel,KH171012,,,,Siem Reap,KH1710,Siemreap,KH17,Cambodia,KH,30.09416199
Kracheh,KH100209,,,,Kracheh,KH1002,Kratie,KH10,Cambodia,KH,4.213665485
Kraek,KH250505,,,,Ponhea Kraek,KH2505,Tboung Khmum,KH25,Cambodia,KH,152.7559814
Krakor,KH100208,,,,Kracheh,KH1002,Kratie,KH10,Cambodia,KH,14.36593246
Krala,KH030609,,,,Kampong Siem,KH0306,Kampong Cham,KH03,Cambodia,KH,29.01555634
Kralanh,KH170603,,,,Kralanh,KH1706,Siemreap,KH17,Cambodia,KH,22.24619102
Krang Ampil,KH050704,,,,Samraong Tong,KH0507,Kampong Speu,KH05,Cambodia,KH,69.87678528
Krang Ampil,KH070802,,,,Kampot,KH0708,Kampot,KH07,Cambodia,KH,2.424498796
Krang Chek,KH050505,,,,Odongk,KH0505,Kampong Speu,KH05,Cambodia,KH,39.27941513
Krang Dei Vay,KH050605,,,,Phnum Sruoch,KH0506,Kampong Speu,KH05,Cambodia,KH,247.5110779
Krang Leav,KH040606,,,,Rolea B'ier,KH0406,Kampong Chhnang,KH04,Cambodia,KH,60.6745491
Krang Leav,KH210206,,,,Bati,KH2102,Takeo,KH21,Cambodia,KH,25.6702919
Krang Lvea,KH040703,,,,Sameakki Mean Chey,KH0407,Kampong Chhnang,KH04,Cambodia,KH,173.2819519
Krang Mkak,KH080807,,,,Angk Snuol,KH0808,Kandal,KH08,Cambodia,KH,13.05062866
Krang Pongro,KH120512,,,,Dangkao,KH1205,Phnom Penh,KH12,Cambodia,KH,6.887215614
Krang Sbov,KH070306,,,,Chhuk,KH0703,Kampot,KH07,Cambodia,KH,19.40024948
Krang Skear,KH040806,,,,Tuek Phos,KH0408,Kampong Chhnang,KH04,Cambodia,KH,592.9408569
Krang Snay,KH070307,,,,Chhuk,KH0703,Kampot,KH07,Cambodia,KH,24.68188286
Krang Svay,KH140906,,,,Preah Sdach,KH1409,Prey Veng,KH14,Cambodia,KH,24.87904167
Krang Ta Yang,KH140606,,,,Peam Chor,KH1406,Prey Veng,KH14,Cambodia,KH,32.12384033
Krang Teh,KH110401,,,,Pech Chreada,KH1104,Mondul Kiri,KH11,Cambodia,KH,794.458374
Krang Thnong,KH120807,,,,Saensokh,KH1208,Phnom Penh,KH12,Cambodia,KH,6.379359722
Krang Thnong,KH210207,,,,Bati,KH2102,Takeo,KH21,Cambodia,KH,34.31175232
Krang Yov,KH081005,,,,S'ang,KH0810,Kandal,KH08,Cambodia,KH,50.88827133
Kranhung,KH140203,,,,Kamchay Mear,KH1402,Prey Veng,KH14,Cambodia,KH,67.06506348
Kraol Kou,KH200510,,,,Svay Chrum,KH2005,Svay Rieng,KH20,Cambodia,KH,42.79736328
Krapeu Pir,KH150602,,,,Veal Veaeng,KH1506,Pursat,KH15,Cambodia,KH,708.46875
Krapum Chhuk,KH210501,,,,Kaoh Andaet,KH2105,Takeo,KH21,Cambodia,KH,72.04395294
Krasang,KH200410,,,,Romeas Haek,KH2004,Svay Rieng,KH20,Cambodia,KH,31.71709251
Krasang,KH220303,,,,Chong Kal,KH2203,Oddar Meanchey,KH22,Cambodia,KH,162.9973297
Krava,KH060111,,,,Baray,KH0601,Kampong Thom,KH06,Cambodia,KH,70.20051575
Kraya,KH060402,,,,Prasat Ballangk,KH0604,Kampong Thom,KH06,Cambodia,KH,173.5868073
Kraya,KH060705,,,,Santuk,KH0607,Kampong Thom,KH06,Cambodia,KH,886.670166
Krouch,KH031306,,,,Prey Chhor,KH0313,Kampong Cham,KH03,Cambodia,KH,17.27413177
Krouch Chhmar,KH250205,,,,Krouch Chhmar,KH2502,Tboung Khmum,KH25,Cambodia,KH,34.67682266
Krouch Kor,KH170604,,,,Kralanh,KH1706,Siemreap,KH17,Cambodia,KH,30.64579201
Kruos,KH200511,,,,Svay Chrum,KH2005,Svay Rieng,KH20,Cambodia,KH,49.38763428
Kuleaen Cheung,KH130402,,,,Kuleaen,KH1304,Preah Vihear,KH13,Cambodia,KH,341.6362305
Kuleaen Tboung,KH130401,,,,Kuleaen,KH1304,Preah Vihear,KH13,Cambodia,KH,74.50631714
Kumru,KH010706,,,,Thma Puok,KH0107,Banteay Meanchey,KH01,Cambodia,KH,72.49542236
Kus,KH210903,,,,Tram Kak,KH2109,Takeo,KH21,Cambodia,KH,48.78707504
Kuttasat,KH010503,,,,Ou Chrov,KH0105,Banteay Meanchey,KH01,Cambodia,KH,46.41648865
L'ak,KH160607,Lak,,,Ou Chum,KH1606,Ratanak Kiri,KH16,Cambodia,KH,119.633812
L'ang,KH070510,Lang,,,Dang Tong,KH0705,Kampot,KH07,Cambodia,KH,56.11835861
La Minh,KH160303,,,,Bar Kaev,KH1603,Ratanak Kiri,KH16,Cambodia,KH,54.1194725
Labansiek,KH160202,,,,Ban Lung,KH1602,Ratanak Kiri,KH16,Cambodia,KH,4.958320141
Lbaeuk,KH070308,,,,Chhuk,KH0703,Kampot,KH07,Cambodia,KH,106.1354218
Lbang Muoy,KH160503,,,,Lumphat,KH1605,Ratanak Kiri,KH16,Cambodia,KH,50.67700577
Lbang Pir,KH160504,,,,Lumphat,KH1605,Ratanak Kiri,KH16,Cambodia,KH,33.59200287
Leach,KH150402,,,,Phnum Kravanh,KH1504,Pursat,KH15,Cambodia,KH,20.53328514
Leang Dai,KH170202,,,,Angkor Thum,KH1702,Siemreap,KH17,Cambodia,KH,88.81905365
Leay Bour,KH210904,,,,Tram Kak,KH2109,Takeo,KH21,Cambodia,KH,62.19511414
Lek Muoy,KH180101,,,,Preah Sihanouk,KH1801,Preah Sihanouk,KH18,Cambodia,KH,46.15218735
Leuk Daek,KH080407,,,,Kaoh Thum,KH0804,Kandal,KH08,Cambodia,KH,55.56755447
Lngieng,KH250708,,,,Tboung Khmum,KH2507,Tboung Khmum,KH25,Cambodia,KH,27.04401016
Lolok Sa,KH150503,,,,Pursat,KH1505,Pursat,KH15,Cambodia,KH,42.95225525
Longveaek,KH040505,,,,Kampong Tralach,KH0405,Kampong Chhnang,KH04,Cambodia,KH,49.51939392
Lum Choar,KH160702,,,,Ou Ya Dav,KH1607,Ratanak Kiri,KH16,Cambodia,KH,78.18682861
Lumchang,KH210706,,,,Samraong,KH2107,Takeo,KH21,Cambodia,KH,25.70054817
Lumhach,KH080808,,,,Angk Snuol,KH0808,Kandal,KH08,Cambodia,KH,16.96086693
Lumpong,KH210208,,,,Bati,KH2102,Takeo,KH21,Cambodia,KH,23.29970551
Lumtong,KH220106,,,,Anlong Veaeng,KH2201,Oddar Meanchey,KH22,Cambodia,KH,477.4275818
Lung Khung,KH160304,,,,Bar Kaev,KH1603,Ratanak Kiri,KH16,Cambodia,KH,118.9631271
Lve,KH030803,,,,Kaoh Soutin,KH0308,Kampong Cham,KH03,Cambodia,KH,31.08426094
Lve,KH141203,,,,Sithor Kandal,KH1412,Prey Veng,KH14,Cambodia,KH,17.26796722
Lvea,KH020403,,,,Bavel,KH0204,Battambang,KH02,Cambodia,KH,69.67137146
Lvea,KH031307,,,,Prey Chhor,KH0313,Kampong Cham,KH03,Cambodia,KH,25.20717049
Lvea,KH140907,,,,Preah Sdach,KH1409,Prey Veng,KH14,Cambodia,KH,28.74790764
Lvea,KH170707,,,,Puok,KH1707,Siemreap,KH17,Cambodia,KH,129.9790802
Lvea Krang,KH171402,,,,Varin,KH1714,Siemreap,KH17,Cambodia,KH,132.8092499
Lvea Leu,KH030204,,,,Chamkar Leu,KH0302,Kampong Cham,KH03,Cambodia,KH,29.04582977
Lvea Sar,KH080606,,,,Lvea Aem,KH0806,Kandal,KH08,Cambodia,KH,10.22272491
Lveaeng Ruessei,KH170407,,,,Chi Kraeng,KH1704,Siemreap,KH17,Cambodia,KH,189.701355
Makprang,KH070709,,,,Tuek Chhou,KH0707,Kampot,KH07,Cambodia,KH,48.73186493
Malai,KH010902,,,,Malai,KH0109,Banteay Meanchey,KH01,Cambodia,KH,33.21738815
Malik,KH160101,,,,Andoung Meas,KH1601,Ratanak Kiri,KH16,Cambodia,KH,131.4351959
Me Bon,KH141305,,,,Svay Antor,KH1413,Prey Veng,KH14,Cambodia,KH,23.24512291
Me Pring,KH030105,,,,Batheay,KH0301,Kampong Cham,KH03,Cambodia,KH,41.37102127
Me Sar Chrey,KH031505,,,,Stueng Trang,KH0315,Kampong Cham,KH03,Cambodia,KH,37.61023331
Me Sar Thngak,KH200105,,,,Chantrea,KH2001,Svay Rieng,KH20,Cambodia,KH,27.31138802
Me Tuek,KH150104,,,,Bakan,KH1501,Pursat,KH15,Cambodia,KH,265.0697937
Mean Chey,KH020906,,,,Samlout,KH0209,Battambang,KH02,Cambodia,KH,176.7679138
Mean Chey,KH031405,,,,Srei Santhor,KH0314,Kampong Cham,KH03,Cambodia,KH,11.10404587
Mean Chey,KH050506,,,,Odongk,KH0505,Kampong Speu,KH05,Cambodia,KH,31.72401047
Mean Chey,KH060605,,,,Sandan,KH0606,Kampong Thom,KH06,Cambodia,KH,146.3073883
Mean Chey,KH070310,,,,Chhuk,KH0703,Kampot,KH07,Cambodia,KH,14.89078999
Mean Chey,KH170907,,,,Prasat Bakong,KH1709,Siemreap,KH17,Cambodia,KH,16.84852409
Mean Rith,KH060604,,,,Sandan,KH0606,Kampong Thom,KH06,Cambodia,KH,835.3078613
Mean Ritth,KH070505,,,,Dang Tong,KH0705,Kampot,KH07,Cambodia,KH,40.10873032
Melum,KH040106,,,,Baribour,KH0401,Kampong Chhnang,KH04,Cambodia,KH,52.22824097
Memang,KH110102,,,,Kaev Seima,KH1101,Mondul Kiri,KH11,Cambodia,KH,379.434082
Memong,KH250308,,,,Memot,KH2503,Tboung Khmum,KH25,Cambodia,KH,69.37302399
Memot,KH250309,,,,Memot,KH2503,Tboung Khmum,KH25,Cambodia,KH,46.00151825
Mesar Prachan,KH140805,,,,Pea Reang,KH1408,Prey Veng,KH14,Cambodia,KH,30.60919571
Meun Chey,KH200306,,,,Rumduol,KH2003,Svay Rieng,KH20,Cambodia,KH,25.18449211
Mien,KH031308,,,,Prey Chhor,KH0313,Kampong Cham,KH03,Cambodia,KH,46.85354996
Mien,KH250405,,,,Ou Reang Ov,KH2504,Tboung Khmum,KH25,Cambodia,KH,47.3764267
Mittapheap,KH120306,,,,Prampir Meakkakra,KH1203,Phnom Penh,KH12,Cambodia,KH,0.568618476
Mkak,KH010604,,,,Serei Saophoan,KH0106,Banteay Meanchey,KH01,Cambodia,KH,71.88235474
Mkak,KH080809,,,,Angk Snuol,KH0808,Kandal,KH08,Cambodia,KH,29.69799042
Mlu Prey Muoy,KH130205,,,,Chhaeb,KH1302,Preah Vihear,KH13,Cambodia,KH,332.8023682
Mlu Prey Pir,KH130206,,,,Chhaeb,KH1302,Preah Vihear,KH13,Cambodia,KH,90.32939911
Moha Khnhoung,KH030805,,,,Kaoh Soutin,KH0308,Kampong Cham,KH03,Cambodia,KH,23.71748352
Moha Leaph,KH030804,,,,Kaoh Soutin,KH0308,Kampong Cham,KH03,Cambodia,KH,14.94268322
Moha Ruessei,KH050303,,,,Kong Pisei,KH0503,Kampong Speu,KH05,Cambodia,KH,20.36496353
Moha Sang,KH050606,,,,Phnum Sruoch,KH0506,Kampong Speu,KH05,Cambodia,KH,51.26908875
Mong Riev,KH250709,,,,Tboung Khmum,KH2507,Tboung Khmum,KH25,Cambodia,KH,32.06835175
Monourom,KH050802,,,,Thpong,KH0508,Kampong Speu,KH05,Cambodia,KH,22.58220291
Monourom,KH110501,,,,Saen Monourom,KH1105,Mondul Kiri,KH11,Cambodia,KH,78.55413818
Monourom,KH120305,,,,Prampir Meakkakra,KH1203,Phnom Penh,KH12,Cambodia,KH,0.102130696
Monourom,KH200704,,,,Svay Teab,KH2007,Svay Rieng,KH20,Cambodia,KH,16.50237656
Morokot,KH130308,,,,Choam Ksant,KH1303,Preah Vihear,KH13,Cambodia,KH,462.0093384
Moung,KH020601,,,,Moung Ruessei,KH0206,Battambang,KH02,Cambodia,KH,51.09178925
Moung,KH171204,,,,Srei Snam,KH1712,Siemreap,KH17,Cambodia,KH,86.06134796
Mream,KH200412,,,,Romeas Haek,KH2004,Svay Rieng,KH20,Cambodia,KH,57.65652847
Mroum,KH070107,,,,Angkor Chey,KH0701,Kampot,KH07,Cambodia,KH,17.71382141
Msa Krang,KH060806,,,,Stoung,KH0608,Kampong Thom,KH06,Cambodia,KH,182.9398651
Mukh Da,KH200411,,,,Romeas Haek,KH2004,Svay Rieng,KH20,Cambodia,KH,29.25830841
Mukh Paen,KH170708,,,,Puok,KH1707,Siemreap,KH17,Cambodia,KH,136.9688263
Mukh Reah,KH021403,,,,Rukh Kiri,KH0214,Battambang,KH02,Cambodia,KH,83.2556076
Nam Tau,KH010301,,,,Phnum Srok,KH0103,Banteay Meanchey,KH01,Cambodia,KH,186.0609894
Nang Khi Lik,KH110201,,,,Kaoh Nheaek,KH1102,Mondul Kiri,KH11,Cambodia,KH,431.1928101
Neak Loeang,KH140703,,,,Peam Ro,KH1407,Prey Veng,KH14,Cambodia,KH,17.88560677
Neang Teut,KH250104,,,,Dambae,KH2501,Tboung Khmum,KH25,Cambodia,KH,20.93276978
Neareay,KH070311,,,,Chhuk,KH0703,Kampot,KH07,Cambodia,KH,18.14771271
Ngan,KH060606,,,,Sandan,KH0606,Kampong Thom,KH06,Cambodia,KH,136.4540405
Nhaeng Nhang,KH210905,,,,Tram Kak,KH2109,Takeo,KH21,Cambodia,KH,26.4101181
Nhang,KH160103,,,,Andoung Meas,KH1601,Ratanak Kiri,KH16,Cambodia,KH,504.7899475
Nhor,KH200202,,,,Kampong Rou,KH2002,Svay Rieng,KH20,Cambodia,KH,25.93773651
Nimitt,KH011001,,,,Paoy Paet,KH0110,Banteay Meanchey,KH01,Cambodia,KH,169.454361
Nipech,KH060205,,,,Kampong Svay,KH0602,Kampong Thom,KH06,Cambodia,KH,87.88100433
Nirouth,KH121203,,,,Chbar Ampov,KH1212,Phnom Penh,KH12,Cambodia,KH,10.07907772
Nitean,KH050103,,,,Basedth,KH0501,Kampong Speu,KH05,Cambodia,KH,29.66003227
Nokor Pheas,KH170105,,,,Angkor Chum,KH1701,Siemreap,KH17,Cambodia,KH,54.03702545
Nokor Thum,KH171005,,,,Siem Reap,KH1710,Siemreap,KH17,Cambodia,KH,54.77423477
Norea,KH020802,,,,Sangkae,KH0208,Battambang,KH02,Cambodia,KH,7.20408535
Olympic,KH120105,,,,Chamkar Mon,KH1201,Phnom Penh,KH12,Cambodia,KH,0.179485217
Omal,KH020307,,,,Battambang,KH0203,Battambang,KH02,Cambodia,KH,37.61925507
Otdam Soriya,KH210908,,,,Tram Kak,KH2109,Takeo,KH21,Cambodia,KH,28.16340256
Ou,KH050607,,,,Phnum Sruoch,KH0506,Kampong Speu,KH05,Cambodia,KH,48.63419724
Ou Ambel,KH010605,,,,Serei Saophoan,KH0106,Banteay Meanchey,KH01,Cambodia,KH,33.1111908
Ou Andoung,KH240204,,,,Sala Krau,KH2402,Pailin,KH24,Cambodia,KH,181.0382996
Ou Bak Roteh,KH180403,,,,Kampong Seila,KH1804,Preah Sihanouk,KH18,Cambodia,KH,457.4173279
Ou Beichoan,KH010509,,,,Ou Chrov,KH0105,Banteay Meanchey,KH01,Cambodia,KH,90.95855713
Ou Char,KH020309,,,,Battambang,KH0203,Battambang,KH02,Cambodia,KH,12.06972885
Ou Chrov,KH180205,,,,Prey Nob,KH1802,Preah Sihanouk,KH18,Cambodia,KH,19.565485
Ou Chum,KH160605,,,,Ou Chum,KH1606,Ratanak Kiri,KH16,Cambodia,KH,119.0754547
Ou Da,KH021203,,,,Kamrieng,KH0212,Battambang,KH02,Cambodia,KH,111.9213943
Ou Dambang Muoy,KH020808,,,,Sangkae,KH0208,Battambang,KH02,Cambodia,KH,24.50968552
Ou Dambang Pir,KH020809,,,,Sangkae,KH0208,Battambang,KH02,Cambodia,KH,31.2683506
Ou Kanthor,KH060304,,,,Stueng Saen,KH0603,Kampong Thom,KH06,Cambodia,KH,47.35126495
Ou Krasar,KH230203,,,,Kaeb,KH2302,Kep,KH23,Cambodia,KH,15.35881042
Ou Krieng,KH100405,,,,Sambour,KH1004,Kratie,KH10,Cambodia,KH,1013.707947
Ou Mlu,KH031506,,,,Stueng Trang,KH0315,Kampong Cham,KH03,Cambodia,KH,143.7795868
Ou Mreah,KH190204,,,,Siem Bouk,KH1902,Stung Treng,KH19,Cambodia,KH,100.3326874
Ou Oknha Heng,KH180206,,,,Prey Nob,KH1802,Preah Sihanouk,KH18,Cambodia,KH,70.67189789
Ou Prasat,KH010206,,,,Mongkol Borei,KH0102,Banteay Meanchey,KH01,Cambodia,KH,38.98457336
Ou Rai,KH190506,,,,Thala Barivat,KH1905,Stung Treng,KH19,Cambodia,KH,147.4562988
Ou Ruessei,KH040506,,,,Kampong Tralach,KH0405,Kampong Chhnang,KH04,Cambodia,KH,20.49950218
Ou Ruessei,KH100210,,,,Kracheh,KH1002,Kratie,KH10,Cambodia,KH,31.50136566
Ou Ruessei Kandal,KH190205,,,,Siem Bouk,KH1902,Stung Treng,KH19,Cambodia,KH,31.566782
Ou Ruessei Ti Bei,KH120303,,,,Prampir Meakkakra,KH1203,Phnom Penh,KH12,Cambodia,KH,0.038707998
Ou Ruessei Ti Buon,KH120304,,,,Prampir Meakkakra,KH1203,Phnom Penh,KH12,Cambodia,KH,0.031706423
Ou Ruessei Ti Muoy,KH120301,,,,Prampir Meakkakra,KH1203,Phnom Penh,KH12,Cambodia,KH,0.090596519
Ou Ruessei Ti Pir,KH120302,,,,Prampir Meakkakra,KH1203,Phnom Penh,KH12,Cambodia,KH,0.067425296
Ou Rumduol,KH021105,,,,Phnum Proek,KH0211,Battambang,KH02,Cambodia,KH,221.4021454
Ou Sampoar,KH010903,,,,Malai,KH0109,Banteay Meanchey,KH01,Cambodia,KH,88.92380524
Ou Samril,KH020903,,,,Samlout,KH0209,Battambang,KH02,Cambodia,KH,139.285202
Ou Sandan,KH150308,,,,Krakor,KH1503,Pursat,KH15,Cambodia,KH,85.37776184
Ou Saom,KH150601,,,,Veal Veaeng,KH1506,Pursat,KH15,Cambodia,KH,1327.516968
Ou Saray,KH210906,,,,Tram Kak,KH2109,Takeo,KH21,Cambodia,KH,60.8084259
Ou Smach,KH220405,,,,Samraong,KH2204,Oddar Meanchey,KH22,Cambodia,KH,20.38056374
Ou Sralau,KH010904,,,,Malai,KH0109,Banteay Meanchey,KH01,Cambodia,KH,53.42416763
Ou Svay,KH030610,,,,Kampong Siem,KH0306,Kampong Cham,KH03,Cambodia,KH,30.30075645
Ou Svay,KH190507,,,,Thala Barivat,KH1905,Stung Treng,KH19,Cambodia,KH,117.3972549
Ou Svay,KH220503,,,,Trapeang Prasat,KH2205,Oddar Meanchey,KH22,Cambodia,KH,162.1351166
Ou Ta Ki,KH020203,,,,Thma Koul,KH0202,Battambang,KH02,Cambodia,KH,102.1930771
Ou Ta Paong,KH150105,,,,Bakan,KH1501,Pursat,KH15,Cambodia,KH,292.2026978
Ou Ta Vau,KH240102,,,,Pailin,KH2401,Pailin,KH24,Cambodia,KH,201.8661499
Ou Treh,KH180302,,,,Stueng Hav,KH1803,Preah Sihanouk,KH18,Cambodia,KH,76.90483093
Ovlaok,KH120911,,,,Pur SenChey,KH1209,Phnom Penh,KH12,Cambodia,KH,15.54911232
Pa Kalan,KH160908,,,,Veun Sai,KH1609,Ratanak Kiri,KH16,Cambodia,KH,190.0562592
Pa Te,KH160704,,,,Ou Ya Dav,KH1607,Ratanak Kiri,KH16,Cambodia,KH,476.2637939
Pailin,KH240101,,,,Pailin,KH2401,Pailin,KH24,Cambodia,KH,136.4643402
Pak Khlang,KH090501,,,,Mondol Seima,KH0905,Koh Kong,KH09,Cambodia,KH,1364.647339
Pak Nhai,KH160703,,,,Ou Ya Dav,KH1607,Ratanak Kiri,KH16,Cambodia,KH,206.3483276
Pal Hal,KH130802,,,,Preah Vihear,KH1308,Preah Vihear,KH13,Cambodia,KH,264.1035461
Paoy Paet,KH011002,,,,Paoy Paet,KH0110,Banteay Meanchey,KH01,Cambodia,KH,21.7790966
Pdau Chum,KH030303,,,,Cheung Prey,KH0303,Kampong Cham,KH03,Cambodia,KH,39.20025635
Pea Ream,KH210209,,,,Bati,KH2102,Takeo,KH21,Cambodia,KH,20.43660736
Peak Snaeng,KH170203,,,,Angkor Thum,KH1702,Siemreap,KH17,Cambodia,KH,131.9386597
Peam,KH040704,,,,Sameakki Mean Chey,KH0407,Kampong Chhnang,KH04,Cambodia,KH,100.9887238
Peam Aek,KH020505,,,,Aek Phnum,KH0205,Battambang,KH02,Cambodia,KH,94.79870605
Peam Bang,KH060807,,,,Stoung,KH0608,Kampong Thom,KH06,Cambodia,KH,243.8530579
Peam Chhkaok,KH040204,,,,Chol Kiri,KH0402,Kampong Chhnang,KH04,Cambodia,KH,96.49875641
Peam Chi Kang,KH030704,,,,Kang Meas,KH0307,Kampong Cham,KH03,Cambodia,KH,21.2177639
Peam Chileang,KH250710,,,,Tboung Khmum,KH2507,Tboung Khmum,KH25,Cambodia,KH,55.20414352
Peam Kaoh Snar,KH031507,,,,Stueng Trang,KH0315,Kampong Cham,KH03,Cambodia,KH,46.09894562
Peam Krasaob,KH090502,,,,Mondol Seima,KH0905,Koh Kong,KH09,Cambodia,KH,46.19205475
Peam Mean Chey,KH140704,,,,Peam Ro,KH1407,Prey Veng,KH14,Cambodia,KH,34.49287033
Peam Montear,KH140308,,,,Kampong Trabaek,KH1403,Prey Veng,KH14,Cambodia,KH,71.30400848
Peam Oknha Ong,KH080607,,,,Lvea Aem,KH0806,Kandal,KH08,Cambodia,KH,15.19886589
Peam Prathnuoh,KH030806,,,,Kaoh Soutin,KH0308,Kampong Cham,KH03,Cambodia,KH,19.87834167
Peam Reang,KH080504,,,,Leuk Daek,KH0805,Kandal,KH08,Cambodia,KH,51.23707199
Peam Ro,KH140705,,,,Peam Ro,KH1407,Prey Veng,KH14,Cambodia,KH,17.30848503
Pean Roung,KH141306,,,,Svay Antor,KH1413,Prey Veng,KH14,Cambodia,KH,60.9706192
Peang Lvea,KH050514,,,,Odongk,KH0505,Kampong Speu,KH05,Cambodia,KH,33.34194946
Peani,KH040507,,,,Kampong Tralach,KH0405,Kampong Chhnang,KH04,Cambodia,KH,21.77574539
Pech Changvar,KH040108,,,,Baribour,KH0401,Kampong Chhnang,KH04,Cambodia,KH,55.88037491
Pech Chenda,KH021102,,,,Phnum Proek,KH0211,Battambang,KH02,Cambodia,KH,138.2467346
Pech Sar,KH210502,,,,Kaoh Andaet,KH2105,Takeo,KH21,Cambodia,KH,56.12010574
Pechr Muni,KH050304,,,,Kong Pisei,KH0503,Kampong Speu,KH05,Cambodia,KH,15.69392204
Peuk,KH080811,,,,Angk Snuol,KH0808,Kandal,KH08,Cambodia,KH,14.36038494
Peus Muoy,KH250206,,,,Krouch Chhmar,KH2502,Tboung Khmum,KH25,Cambodia,KH,27.35208893
Peus Pir,KH250207,,,,Krouch Chhmar,KH2502,Tboung Khmum,KH25,Cambodia,KH,35.39501953
Ph'av,KH030106,Phav,,,Batheay,KH0301,Kampong Cham,KH03,Cambodia,KH,16.03775597
Ph'av,KH220502,Phav,,,Trapeang Prasat,KH2205,Oddar Meanchey,KH22,Cambodia,KH,471.3638611
Phan Nheum,KH060403,,,,Prasat Ballangk,KH0604,Kampong Thom,KH06,Cambodia,KH,111.0968552
Phat Sanday,KH060206,,,,Kampong Svay,KH0602,Kampong Thom,KH06,Cambodia,KH,225.8683319
Pheakdei,KH050104,,,,Basedth,KH0501,Kampong Speu,KH05,Cambodia,KH,40.13732147
Pheari Mean Chey,KH050105,,,,Basedth,KH0501,Kampong Speu,KH05,Cambodia,KH,21.07374954
Phkoam,KH010801,,,,Svay Chek,KH0108,Banteay Meanchey,KH01,Cambodia,KH,88.61827087
Phleung Chheh Roteh,KH120903,,,,Pur SenChey,KH1209,Phnom Penh,KH12,Cambodia,KH,9.875566483
Phlov Meas,KH020703,,,,Rotonak Mondol,KH0207,Battambang,KH02,Cambodia,KH,117.2702713
Phlov Tuk,KH040404,,,,Kampong Leaeng,KH0404,Kampong Chhnang,KH04,Cambodia,KH,193.1053772
Phluk,KH190103,,,,Sesan,KH1901,Stung Treng,KH19,Cambodia,KH,355.604248
Phnhi Meas,KH090202,,,,Kiri Sakor,KH0902,Koh Kong,KH09,Cambodia,KH,215.8023987
Phniet,KH010606,,,,Serei Saophoan,KH0106,Banteay Meanchey,KH01,Cambodia,KH,41.10966492
Phnom Penh Thmei,KH120801,,,,Saensokh,KH1208,Phnom Penh,KH12,Cambodia,KH,20.68403816
Phnom Prasat,KH070608,,,,Kampong Trach,KH0706,Kampot,KH07,Cambodia,KH,18.99740791
Phnom Touch,KH050515,,,,Odongk,KH0505,Kampong Speu,KH05,Cambodia,KH,44.47083664
Phnum Bat,KH080906,,,,Ponhea Lueu,KH0809,Kandal,KH08,Cambodia,KH,33.11431503
Phnum Dei,KH010306,,,,Phnum Srok,KH0103,Banteay Meanchey,KH01,Cambodia,KH,59.70131683
Phnum Den,KH210407,,,,Kiri Vong,KH2104,Takeo,KH21,Cambodia,KH,19.58815575
Phnum Kok,KH160909,,,,Veun Sai,KH1609,Ratanak Kiri,KH16,Cambodia,KH,189.315918
Phnum Kong,KH070108,,,,Angkor Chey,KH0701,Kampot,KH07,Cambodia,KH,34.88551712
Phnum Lieb,KH010403,,,,Preah Netr Preah,KH0104,Banteay Meanchey,KH01,Cambodia,KH,247.9567719
Phnum Penh,KH130404,,,,Kuleaen,KH1304,Preah Vihear,KH13,Cambodia,KH,96.84564209
Phnum Proek,KH021101,,,,Phnum Proek,KH0211,Battambang,KH02,Cambodia,KH,173.2043915
Phnum Sampov,KH020106,,,,Banan,KH0201,Battambang,KH02,Cambodia,KH,63.92327881
Phnum Tbaeng Muoy,KH130603,,,,Sangkum Thmei,KH1306,Preah Vihear,KH13,Cambodia,KH,144.3160248
Phnum Tbaeng Pir,KH130405,,,,Kuleaen,KH1304,Preah Vihear,KH13,Cambodia,KH,284.593689
Phnum Touch,KH010207,,,,Mongkol Borei,KH0102,Banteay Meanchey,KH01,Cambodia,KH,47.93962097
Phong,KH050106,,,,Basedth,KH0501,Kampong Speu,KH05,Cambodia,KH,23.1689415
Phsar,KH040107,,,,Baribour,KH0401,Kampong Chhnang,KH04,Cambodia,KH,36.27299881
Phsar Chas,KH120209,,,,Doun Penh,KH1202,Phnom Penh,KH12,Cambodia,KH,0.06423375
Phsar Chhnang,KH040301,,,,Kampong Chhnang,KH0403,Kampong Chhnang,KH04,Cambodia,KH,10.67212677
Phsar Daek,KH080911,,,,Ponhea Lueu,KH0809,Kandal,KH08,Cambodia,KH,15.45754242
Phsar Daeum Kor,KH120409,,,,Tuol Kouk,KH1204,Phnom Penh,KH12,Cambodia,KH,0.500689924
Phsar Daeum Thkov,KH120112,,,,Chamkar Mon,KH1201,Phnom Penh,KH12,Cambodia,KH,0.922715425
Phsar Depou Ti Bei,KH120403,,,,Tuol Kouk,KH1204,Phnom Penh,KH12,Cambodia,KH,0.344596237
Phsar Depou Ti Muoy,KH120401,,,,Tuol Kouk,KH1204,Phnom Penh,KH12,Cambodia,KH,0.353474766
Phsar Depou Ti Pir,KH120402,,,,Tuol Kouk,KH1204,Phnom Penh,KH12,Cambodia,KH,0.102562003
Phsar Kandal,KH011003,,,,Paoy Paet,KH0110,Banteay Meanchey,KH01,Cambodia,KH,74.14331818
Phsar Kandal Ti Muoy,KH120205,,,,Doun Penh,KH1202,Phnom Penh,KH12,Cambodia,KH,0.418064386
Phsar Kandal Ti Pir,KH120206,,,,Doun Penh,KH1202,Phnom Penh,KH12,Cambodia,KH,0.107896715
Phsar Thmei Ti Bei,KH120203,,,,Doun Penh,KH1202,Phnom Penh,KH12,Cambodia,KH,0.339581102
Phsar Thmei Ti Muoy,KH120201,,,,Doun Penh,KH1202,Phnom Penh,KH12,Cambodia,KH,0.127155825
Phsar Thmei Ti Pir,KH120202,,,,Doun Penh,KH1202,Phnom Penh,KH12,Cambodia,KH,0.112442106
Phteah Kandal,KH031406,,,,Srei Santhor,KH0314,Kampong Cham,KH03,Cambodia,KH,24.93749809
Phteah Prey,KH150504,,,,Pursat,KH1505,Pursat,KH15,Cambodia,KH,12.84396267
Phteah Rung,KH150403,,,,Phnum Kravanh,KH1504,Pursat,KH15,Cambodia,KH,156.1999207
Phum Thmei,KH010703,,,,Thma Puok,KH0107,Banteay Meanchey,KH01,Cambodia,KH,66.01995087
Phum Thum,KH080208,,,,Kien Svay,KH0802,Kandal,KH08,Cambodia,KH,15.52365875
Phum Thum,KH080608,,,,Lvea Aem,KH0806,Kandal,KH08,Cambodia,KH,24.52833748
Pir,KH180102,,,,Preah Sihanouk,KH1801,Preah Sihanouk,KH18,Cambodia,KH,2.35284853
Pir Thnu,KH100502,,,,Snuol,KH1005,Kratie,KH10,Cambodia,KH,588.4033203
Pneay,KH050705,,,,Samraong Tong,KH0507,Kampong Speu,KH05,Cambodia,KH,30.46759987
Pnov,KH060706,,,,Santuk,KH0607,Kampong Thom,KH06,Cambodia,KH,108.1066284
Pnov Ti Muoy,KH141204,,,,Sithor Kandal,KH1412,Prey Veng,KH14,Cambodia,KH,35.67416763
Pnov Ti Pir,KH141205,,,,Sithor Kandal,KH1412,Prey Veng,KH14,Cambodia,KH,30.57633972
Pong,KH160901,,,,Veun Sai,KH1609,Ratanak Kiri,KH16,Cambodia,KH,67.31472778
Pong Tuek,KH120507,,,,Dangkao,KH1205,Phnom Penh,KH12,Cambodia,KH,11.07693386
Pong Tuek,KH200307,,,,Rumduol,KH2003,Svay Rieng,KH20,Cambodia,KH,38.10793304
Pong Tuek,KH230103,,,,Damnak Chang'aeur,KH2301,Kep,KH23,Cambodia,KH,34.22235489
Pongro,KH030807,,,,Kaoh Soutin,KH0308,Kampong Cham,KH03,Cambodia,KH,8.14024353
Pongro,KH040607,,,,Rolea B'ier,KH0406,Kampong Chhnang,KH04,Cambodia,KH,27.7478981
Pongro,KH060113,,,,Baray,KH0601,Kampong Thom,KH06,Cambodia,KH,52.57246017
Pongro,KH100107,,,,Chhloung,KH1001,Kratie,KH10,Cambodia,KH,21.54898643
Pongro,KH220304,,,,Chong Kal,KH2203,Oddar Meanchey,KH22,Cambodia,KH,292.6104126
Pongro Kraom,KH170408,,,,Chi Kraeng,KH1704,Siemreap,KH17,Cambodia,KH,124.1482315
Pongro Leu,KH170409,,,,Chi Kraeng,KH1704,Siemreap,KH17,Cambodia,KH,383.5467529
Ponhea Lueu,KH080907,,,,Ponhea Lueu,KH0809,Kandal,KH08,Cambodia,KH,10.1972084
Ponhea Pon,KH121102,,,,Praek Pnov,KH1211,Phnom Penh,KH12,Cambodia,KH,18.80802536
Ponley,KH010303,,,,Phnum Srok,KH0103,Banteay Meanchey,KH01,Cambodia,KH,119.749649
Ponley,KH040110,,,,Baribour,KH0401,Kampong Chhnang,KH04,Cambodia,KH,6.186859608
Ponley,KH210104,,,,Angkor Borei,KH2101,Takeo,KH21,Cambodia,KH,54.3896637
Ponsang,KH121105,,,,Praek Pnov,KH1211,Phnom Penh,KH12,Cambodia,KH,37.88640213
Popeaet,KH200705,,,,Svay Teab,KH2007,Svay Rieng,KH20,Cambodia,KH,41.85513306
Popel,KH040109,,,,Baribour,KH0401,Kampong Chhnang,KH04,Cambodia,KH,27.95898628
Popel,KH171108,,,,Soutr Nikom,KH1711,Siemreap,KH17,Cambodia,KH,75.00439453
Popel,KH210909,,,,Tram Kak,KH2109,Takeo,KH21,Cambodia,KH,22.92961693
Popel,KH250506,,,,Ponhea Kraek,KH2505,Tboung Khmum,KH25,Cambodia,KH,35.93624878
Popok,KH060808,,,,Stoung,KH0608,Kampong Thom,KH06,Cambodia,KH,314.4441833
Popueus,KH141307,,,,Svay Antor,KH1413,Prey Veng,KH14,Cambodia,KH,24.16636086
Pot Sar,KH210210,,,,Bati,KH2102,Takeo,KH21,Cambodia,KH,37.72334671
Pou,KH040405,,,,Kampong Leaeng,KH0404,Kampong Chhnang,KH04,Cambodia,KH,90.56197357
Pou,KH130704,,,,Tbaeng Mean Chey,KH1307,Preah Vihear,KH13,Cambodia,KH,123.5514069
Pou Angkrang,KH050107,,,,Basedth,KH0501,Kampong Speu,KH05,Cambodia,KH,33.43444061
Pou Chamraeun,KH050108,,,,Basedth,KH0501,Kampong Speu,KH05,Cambodia,KH,28.49816132
Pou Mreal,KH050109,,,,Basedth,KH0501,Kampong Speu,KH05,Cambodia,KH,49.49431992
Pou Rieng,KH141101,,,,Pur Rieng,KH1411,Prey Veng,KH14,Cambodia,KH,61.19453049
Pou Rumchak,KH210608,,,,Prey Kabbas,KH2106,Takeo,KH21,Cambodia,KH,26.38386154
Pou Ta Hao,KH200604,,,,Svay Rieng,KH2006,Svay Rieng,KH20,Cambodia,KH,2.483503342
Pou Ti,KH141206,,,,Sithor Kandal,KH1412,Prey Veng,KH14,Cambodia,KH,17.26312637
Pou Treay,KH170709,,,,Puok,KH1707,Siemreap,KH17,Cambodia,KH,74.81088257
Pouthi Ban,KH080408,,,,Kaoh Thum,KH0804,Kandal,KH08,Cambodia,KH,69.05314636
Pouthi Reach,KH200512,,,,Svay Chrum,KH2005,Svay Rieng,KH20,Cambodia,KH,22.23294067
Pouy,KH160602,,,,Ou Chum,KH1606,Ratanak Kiri,KH16,Cambodia,KH,107.2329788
Poy Char,KH010302,,,,Phnum Srok,KH0103,Banteay Meanchey,KH01,Cambodia,KH,246.294281
Pralay,KH060809,,,,Stoung,KH0608,Kampong Thom,KH06,Cambodia,KH,220.1995392
Pralay,KH090702,,,,Thma Bang,KH0907,Koh Kong,KH09,Cambodia,KH,764.4537354
Pralay Meas,KH040406,,,,Kampong Leaeng,KH0404,Kampong Chhnang,KH04,Cambodia,KH,102.4375381
Pram Yam,KH031407,,,,Srei Santhor,KH0314,Kampong Cham,KH03,Cambodia,KH,36.51522064
Pramaoy,KH150604,,,,Veal Veaeng,KH1506,Pursat,KH15,Cambodia,KH,861.6574097
Prambei Mum,KH050804,,,,Thpong,KH0508,Kampong Speu,KH05,Cambodia,KH,140.2782593
Prambei Mum,KH211005,,,,Treang,KH2110,Takeo,KH21,Cambodia,KH,22.2600956
Prame,KH130705,,,,Tbaeng Mean Chey,KH1307,Preah Vihear,KH13,Cambodia,KH,256.7060242
Praphnum,KH070109,,,,Angkor Chey,KH0701,Kampot,KH07,Cambodia,KH,26.20391464
Prasat,KH010404,,,,Preah Netr Preah,KH0104,Banteay Meanchey,KH01,Cambodia,KH,194.1513519
Prasat,KH060707,,,,Santuk,KH0607,Kampong Thom,KH06,Cambodia,KH,50.04613113
Prasat,KH081006,,,,S'ang,KH0810,Kandal,KH08,Cambodia,KH,84.82953644
Prasat,KH140309,,,,Kampong Trabaek,KH1403,Prey Veng,KH14,Cambodia,KH,31.90110588
Prasat,KH171401,,,,Varin,KH1714,Siemreap,KH17,Cambodia,KH,167.5032959
Prasat,KH200804,,,,Bavet,KH2008,Svay Rieng,KH20,Cambodia,KH,27.43005371
Prasat Phnom Khyang,KH070607,,,,Kampong Trach,KH0706,Kampot,KH07,Cambodia,KH,9.494491577
Prasnoeb,KH040608,,,,Rolea B'ier,KH0406,Kampong Chhnang,KH04,Cambodia,KH,125.517334
Prasoutr,KH200707,,,,Svay Teab,KH2007,Svay Rieng,KH20,Cambodia,KH,35.45880127
Prateah Lang,KH120513,,,,Dangkao,KH1205,Phnom Penh,KH12,Cambodia,KH,8.558667183
Pratheat,KH140310,,,,Kampong Trabaek,KH1403,Prey Veng,KH14,Cambodia,KH,28.36325264
Preaek A Chi,KH250208,,,,Krouch Chhmar,KH2502,Tboung Khmum,KH25,Cambodia,KH,44.29003525
Preaek Aeng,KH121206,,,,Chbar Ampov,KH1212,Phnom Penh,KH12,Cambodia,KH,8.446256638
Preaek Ambel,KH081007,,,,S'ang,KH0810,Kandal,KH08,Cambodia,KH,50.50003433
Preaek Ampil,KH080307,,,,Khsach Kandal,KH0803,Kandal,KH08,Cambodia,KH,29.80928993
Preaek Anhchanh,KH080703,,,,Mukh Kampul,KH0807,Kandal,KH08,Cambodia,KH,42.71754456
Preaek Anteah,KH141102,,,,Pur Rieng,KH1411,Prey Veng,KH14,Cambodia,KH,27.06944847
Preaek Bak,KH031509,,,,Stueng Trang,KH0315,Kampong Cham,KH03,Cambodia,KH,22.63558006
Preaek Changkran,KH141207,,,,Sithor Kandal,KH1412,Prey Veng,KH14,Cambodia,KH,7.614515305
Preaek Chik,KH021401,,,,Rukh Kiri,KH0214,Battambang,KH02,Cambodia,KH,100.522789
Preaek Chrey,KH141103,,,,Pur Rieng,KH1411,Prey Veng,KH14,Cambodia,KH,32.07567596
Preaek Dach,KH080505,,,,Leuk Daek,KH0805,Kandal,KH08,Cambodia,KH,61.94179916
Preaek Dambang,KH080704,,,,Mukh Kampul,KH0807,Kandal,KH08,Cambodia,KH,17.67462921
Preaek Dambouk,KH031408,,,,Srei Santhor,KH0314,Kampong Cham,KH03,Cambodia,KH,25.53223419
Preaek Kampues,KH120517,,,,Dangkao,KH1205,Phnom Penh,KH12,Cambodia,KH,11.28438473
Preaek Khpob,KH020503,,,,Aek Phnum,KH0205,Battambang,KH02,Cambodia,KH,26.96101761
Preaek Khsach,KH090203,,,,Kiri Sakor,KH0902,Koh Kong,KH09,Cambodia,KH,289.8271179
Preaek Khsay Ka,KH140706,,,,Peam Ro,KH1407,Prey Veng,KH14,Cambodia,KH,6.468603134
Preaek Khsay Kha,KH140707,,,,Peam Ro,KH1407,Prey Veng,KH14,Cambodia,KH,3.95055151
Preaek Kmeng,KH080609,,,,Lvea Aem,KH0806,Kandal,KH08,Cambodia,KH,20.1824894
Preaek Koy,KH030705,,,,Kang Meas,KH0307,Kampong Cham,KH03,Cambodia,KH,44.33683395
Preaek Koy,KH081008,,,,S'ang,KH0810,Kandal,KH08,Cambodia,KH,15.25171471
Preaek Krabau,KH030706,,,,Kang Meas,KH0307,Kampong Cham,KH03,Cambodia,KH,45.41141891
Preaek Krabau,KH140607,,,,Peam Chor,KH1406,Prey Veng,KH14,Cambodia,KH,16.30427933
Preaek Kroes,KH070612,,,,Kampong Trach,KH0706,Kampot,KH07,Cambodia,KH,33.4830513
Preaek Lieb,KH121002,,,,Chraoy Chongvar,KH1210,Phnom Penh,KH12,Cambodia,KH,14.06427288
Preaek Luong,KH020504,,,,Aek Phnum,KH0205,Battambang,KH02,Cambodia,KH,63.90649033
Preaek Luong,KH080308,,,,Khsach Kandal,KH0803,Kandal,KH08,Cambodia,KH,14.25327015
Preaek Meas,KH190301,,,,Siem Pang,KH1903,Stung Treng,KH19,Cambodia,KH,748.5512695
Preaek Norint,KH020501,,,,Aek Phnum,KH0205,Battambang,KH02,Cambodia,KH,90.89735413
Preaek Phnov,KH121101,,,,Praek Pnov,KH1211,Phnom Penh,KH12,Cambodia,KH,7.31956625
Preaek Phtoul,KH210105,,,,Angkor Borei,KH2101,Takeo,KH21,Cambodia,KH,42.81938553
Preaek Pou,KH031409,,,,Srei Santhor,KH0314,Kampong Cham,KH03,Cambodia,KH,27.20174026
Preaek Pra,KH121204,,,,Chbar Ampov,KH1212,Phnom Penh,KH12,Cambodia,KH,5.935398102
Preaek Prasab,KH100305,,,,Prek Prasab,KH1003,Kratie,KH10,Cambodia,KH,187.6939697
Preaek Rey,KH080610,,,,Lvea Aem,KH0806,Kandal,KH08,Cambodia,KH,14.77483463
Preaek Roka,KH080115,,,,Kandal Stueng,KH0801,Kandal,KH08,Cambodia,KH,11.20710659
Preaek Ruessei,KH080611,,,,Lvea Aem,KH0806,Kandal,KH08,Cambodia,KH,22.86774445
Preaek Rumdeng,KH031410,,,,Srei Santhor,KH0314,Kampong Cham,KH03,Cambodia,KH,44.89962006
Preaek Saman,KH100108,,,,Chhloung,KH1001,Kratie,KH10,Cambodia,KH,91.60907745
Preaek Sambuor,KH140608,,,,Peam Chor,KH1406,Prey Veng,KH14,Cambodia,KH,24.4130497
Preaek Sdei,KH080410,,,,Kaoh Thum,KH0804,Kandal,KH08,Cambodia,KH,52.82623291
Preaek Slaeng,KH080116,,,,Kandal Stueng,KH0801,Kandal,KH08,Cambodia,KH,10.8616066
Preaek Ta Kov,KH080309,,,,Khsach Kandal,KH0803,Kandal,KH08,Cambodia,KH,20.11442566
Preaek Ta Meak,KH080310,,,,Khsach Kandal,KH0803,Kandal,KH08,Cambodia,KH,22.77822495
Preaek Ta Nong,KH030808,,,,Kaoh Soutin,KH0308,Kampong Cham,KH03,Cambodia,KH,38.07221222
Preaek Ta Sar,KH141107,,,,Pur Rieng,KH1411,Prey Veng,KH14,Cambodia,KH,39.07453918
Preaek Ta Sek,KH121003,,,,Chraoy Chongvar,KH1210,Phnom Penh,KH12,Cambodia,KH,14.82927418
Preaek Ta Teaen,KH080910,,,,Ponhea Lueu,KH0809,Kandal,KH08,Cambodia,KH,10.11824989
Preaek Thmei,KH080411,,,,Kaoh Thum,KH0804,Kandal,KH08,Cambodia,KH,31.77967072
Preaek Thmei,KH121208,,,,Chbar Ampov,KH1212,Phnom Penh,KH12,Cambodia,KH,19.78992844
Preaek Tnoat,KH070711,,,,Tuek Chhou,KH0707,Kampot,KH07,Cambodia,KH,70.08771515
Preaek Tonloab,KH080506,,,,Leuk Daek,KH0805,Kandal,KH08,Cambodia,KH,79.11460876
Preah Andoung,KH031508,,,,Stueng Trang,KH0315,Kampong Cham,KH03,Cambodia,KH,5.533637047
Preah Bat,KH190403,,,,Stueng Traeng,KH1904,Stung Treng,KH19,Cambodia,KH,55.05989075
Preah Bat Choan Chum,KH210402,,,,Kiri Vong,KH2104,Takeo,KH21,Cambodia,KH,51.52321243
Preah Dak,KH170303,,,,Banteay Srei,KH1703,Siemreap,KH17,Cambodia,KH,49.26903915
Preah Damrei,KH060810,,,,Stoung,KH0608,Kampong Thom,KH06,Cambodia,KH,14.36070728
Preah Khae,KH050115,,,,Basedth,KH0501,Kampong Speu,KH05,Cambodia,KH,38.59310913
Preah Khleang,KH130706,,,,Tbaeng Mean Chey,KH1307,Preah Vihear,KH13,Cambodia,KH,121.6566849
Preah Nipean,KH050305,,,,Kong Pisei,KH0503,Kampong Speu,KH05,Cambodia,KH,31.18304253
Preah Phos,KH021304,,,,Koas Krala,KH0213,Battambang,KH02,Cambodia,KH,140.7202759
Preah Ponlea,KH010607,,,,Serei Saophoan,KH0106,Banteay Meanchey,KH01,Cambodia,KH,14.43638611
Preah Ponlea,KH200204,,,,Kampong Rou,KH2002,Svay Rieng,KH20,Cambodia,KH,27.81511116
Preah Pralay,KH220504,,,,Trapeang Prasat,KH2205,Oddar Meanchey,KH22,Cambodia,KH,68.0588913
Preah Prasab,KH080306,,,,Khsach Kandal,KH0803,Kandal,KH08,Cambodia,KH,12.4549036
Preah Putth,KH080113,,,,Kandal Stueng,KH0801,Kandal,KH08,Cambodia,KH,9.888681412
Preah Rumkel,KH190508,,,,Thala Barivat,KH1905,Stung Treng,KH19,Cambodia,KH,356.5102844
Preah Sdach,KH140908,,,,Preah Sdach,KH1409,Prey Veng,KH14,Cambodia,KH,54.99811172
Preah Srae,KH050507,,,,Odongk,KH0505,Kampong Speu,KH05,Cambodia,KH,34.61103058
Preah Theat,KH250406,,,,Ou Reang Ov,KH2504,Tboung Khmum,KH25,Cambodia,KH,80.88314819
Preak Kak,KH031510,,,,Stueng Trang,KH0315,Kampong Cham,KH03,Cambodia,KH,174.9664612
Preak Netr Preah,KH010405,,,,Preah Netr Preah,KH0104,Banteay Meanchey,KH01,Cambodia,KH,117.6954727
Preal,KH140406,,,,Kanhchriech,KH1404,Prey Veng,KH14,Cambodia,KH,66.6950531
PreaΓÇïek Chrey,KH080409,PreaCiek Chrey,,,Kaoh Thum,KH0804,Kandal,KH08,Cambodia,KH,59.38952637
Prei,KH171205,,,,Srei Snam,KH1712,Siemreap,KH17,Cambodia,KH,46.12486267
Prek Ho,KH081105,,,,Ta Khmau,KH0811,Kandal,KH08,Cambodia,KH,10.36535645
Prek Preah Sdach,KH020302,,,,Battambang,KH0203,Battambang,KH02,Cambodia,KH,2.83260417
Prek Ruessey,KH081102,,,,Ta Khmau,KH0811,Kandal,KH08,Cambodia,KH,2.059070826
Prey Ampok,KH210408,,,,Kiri Vong,KH2104,Takeo,KH21,Cambodia,KH,48.03626251
Prey Angkunh,KH200805,,,,Bavet,KH2008,Svay Rieng,KH20,Cambodia,KH,20.62216377
Prey Char,KH030304,,,,Cheung Prey,KH0303,Kampong Cham,KH03,Cambodia,KH,23.5898838
Prey Chas,KH020506,,,,Aek Phnum,KH0205,Battambang,KH02,Cambodia,KH,323.894928
Prey Chhlak,KH200602,,,,Svay Rieng,KH2006,Svay Rieng,KH20,Cambodia,KH,4.516717911
Prey Chhor,KH031309,,,,Prey Chhor,KH0313,Kampong Cham,KH03,Cambodia,KH,10.26934624
Prey Chhor,KH140311,,,,Kampong Trabaek,KH1403,Prey Veng,KH14,Cambodia,KH,28.07444382
Prey Chruk,KH170711,,,,Puok,KH1707,Siemreap,KH17,Cambodia,KH,119.7808914
Prey Daeum Thnoeng,KH141208,,,,Sithor Kandal,KH1412,Prey Veng,KH14,Cambodia,KH,22.26948929
Prey Kabbas,KH210609,,,,Prey Kabbas,KH2106,Takeo,KH21,Cambodia,KH,22.04709053
Prey Kandieng,KH140708,,,,Peam Ro,KH1407,Prey Veng,KH14,Cambodia,KH,44.57855225
Prey Kanlaong,KH141104,,,,Pur Rieng,KH1411,Prey Veng,KH14,Cambodia,KH,39.1947403
Prey Khla,KH141308,,,,Svay Antor,KH1413,Prey Veng,KH14,Cambodia,KH,44.10683823
Prey Khla,KH210503,,,,Kaoh Andaet,KH2105,Takeo,KH21,Cambodia,KH,71.55982208
Prey Khmum,KH070712,,,,Tuek Chhou,KH0707,Kampot,KH07,Cambodia,KH,23.22330093
Prey Khnes,KH140504,,,,Me Sang,KH1405,Prey Veng,KH14,Cambodia,KH,55.1748085
Prey Khpos,KH020404,,,,Bavel,KH0204,Battambang,KH02,Cambodia,KH,138.7971344
Prey Kmeng,KH050609,,,,Phnum Sruoch,KH0506,Kampong Speu,KH05,Cambodia,KH,53.98173523
Prey Kokir,KH200108,,,,Chantrea,KH2001,Svay Rieng,KH20,Cambodia,KH,40.80648041
Prey Krasang,KH050508,,,,Odongk,KH0505,Kampong Speu,KH05,Cambodia,KH,32.19423294
Prey Kri,KH040205,,,,Chol Kiri,KH0402,Kampong Chhnang,KH04,Cambodia,KH,42.62342072
Prey Kuy,KH060211,,,,Kampong Svay,KH0602,Kampong Thom,KH06,Cambodia,KH,30.4909687
Prey Lvea,KH210610,,,,Prey Kabbas,KH2106,Takeo,KH21,Cambodia,KH,20.70031929
Prey Mul,KH040609,,,,Rolea B'ier,KH0406,Kampong Chhnang,KH04,Cambodia,KH,45.22230911
Prey Nheat,KH050306,,,,Kong Pisei,KH0503,Kampong Speu,KH05,Cambodia,KH,32.70965958
Prey Nhi,KH150505,,,,Pursat,KH1505,Pursat,KH15,Cambodia,KH,7.992821693
Prey Nob,KH180207,,,,Prey Nob,KH1802,Preah Sihanouk,KH18,Cambodia,KH,36.59538651
Prey Phdau,KH210611,,,,Prey Kabbas,KH2106,Takeo,KH21,Cambodia,KH,21.2037735
Prey Phkoam,KH210106,,,,Angkor Borei,KH2101,Takeo,KH21,Cambodia,KH,47.51102448
Prey Pnov,KH140807,,,,Pea Reang,KH1408,Prey Veng,KH14,Cambodia,KH,103.0494919
Prey Poun,KH140312,,,,Kampong Trabaek,KH1403,Prey Veng,KH14,Cambodia,KH,19.51116943
Prey Puoch,KH080813,,,,Angk Snuol,KH0808,Kandal,KH08,Cambodia,KH,16.22625351
Prey Rumdeng,KH140505,,,,Me Sang,KH1405,Prey Veng,KH14,Cambodia,KH,31.26618576
Prey Rumdeng,KH210409,,,,Kiri Vong,KH2104,Takeo,KH21,Cambodia,KH,84.35869598
Prey Rumduol,KH050608,,,,Phnum Sruoch,KH0506,Kampong Speu,KH05,Cambodia,KH,43.22093582
Prey Sa,KH120510,,,,Dangkao,KH1205,Phnom Penh,KH12,Cambodia,KH,13.30967045
Prey Sloek,KH211007,,,,Treang,KH2110,Takeo,KH21,Cambodia,KH,36.40256119
Prey Sniet,KH140808,,,,Pea Reang,KH1408,Prey Veng,KH14,Cambodia,KH,41.98960114
Prey Sralet,KH140809,,,,Pea Reang,KH1408,Prey Veng,KH14,Cambodia,KH,72.29897308
Prey Svay,KH020603,,,,Moung Ruessei,KH0206,Battambang,KH02,Cambodia,KH,143.7175293
Prey Ta Ei,KH200706,,,,Svay Teab,KH2007,Svay Rieng,KH20,Cambodia,KH,39.92116928
Prey Ta Hu,KH060308,,,,Stueng Saen,KH0603,Kampong Thom,KH06,Cambodia,KH,6.795803547
Prey Thnang,KH070713,,,,Tuek Chhou,KH0707,Kampot,KH07,Cambodia,KH,77.65676117
Prey Thum,KH200205,,,,Kampong Rou,KH2002,Svay Rieng,KH20,Cambodia,KH,20.19174385
Prey Thum,KH230202,,,,Kaeb,KH2302,Kep,KH23,Cambodia,KH,41.59259415
Prey Tonle,KH070203,,,,Banteay Meas,KH0702,Kampot,KH07,Cambodia,KH,37.9973793
Prey Totueng,KH140506,,,,Me Sang,KH1405,Prey Veng,KH14,Cambodia,KH,56.07839966
Prey Touch,KH020608,,,,Moung Ruessei,KH0206,Battambang,KH02,Cambodia,KH,116.1439667
Prey Tralach,KH021402,,,,Rukh Kiri,KH0214,Battambang,KH02,Cambodia,KH,72.00667572
Prey Tueng,KH141209,,,,Sithor Kandal,KH1412,Prey Veng,KH14,Cambodia,KH,33.00878525
Prey Veaeng,KH120508,,,,Dangkao,KH1205,Phnom Penh,KH12,Cambodia,KH,8.916680336
Prey Vihear,KH050307,,,,Kong Pisei,KH0503,Kampong Speu,KH05,Cambodia,KH,27.27046013
Prey Yuthka,KH210504,,,,Kaoh Andaet,KH2105,Takeo,KH21,Cambodia,KH,46.55309296
Pring Chrum,KH030305,,,,Cheung Prey,KH0303,Kampong Cham,KH03,Cambodia,KH,49.55373383
Pring Thum,KH130303,,,,Choam Ksant,KH1303,Preah Vihear,KH13,Cambodia,KH,794.2796021
Prongil,KH150404,,,,Phnum Kravanh,KH1504,Pursat,KH15,Cambodia,KH,1131.705322
Pu Chrey,KH110402,,,,Pech Chreada,KH1104,Mondul Kiri,KH11,Cambodia,KH,2252.529053
Puk Ruessei,KH080311,,,,Khsach Kandal,KH0803,Kandal,KH08,Cambodia,KH,29.72232056
Puok,KH170710,,,,Puok,KH1707,Siemreap,KH17,Cambodia,KH,59.14422989
Putrea,KH130106,,,,Chey Saen,KH1301,Preah Vihear,KH13,Cambodia,KH,171.7203369
Reab,KH140810,,,,Pea Reang,KH1408,Prey Veng,KH14,Cambodia,KH,45.89282608
Reach Montir,KH200206,,,,Kampong Rou,KH2002,Svay Rieng,KH20,Cambodia,KH,27.84489441
Reaks Chey,KH140104,,,,Ba Phnum,KH1401,Prey Veng,KH14,Cambodia,KH,42.74111557
Reaksa,KH130509,,,,Rovieng,KH1305,Preah Vihear,KH13,Cambodia,KH,166.8073578
Reaksmei,KH130502,,,,Rovieng,KH1305,Preah Vihear,KH13,Cambodia,KH,7.524755001
Reaksmei Sameakki,KH050402,,,,Aoral,KH0504,Kampong Speu,KH05,Cambodia,KH,259.8884583
Reaksmei Songha,KH020705,,,,Rotonak Mondol,KH0207,Battambang,KH02,Cambodia,KH,154.9835815
Ream,KH180208,,,,Prey Nob,KH1802,Preah Sihanouk,KH18,Cambodia,KH,211.1301117
Ream Andaeuk,KH210410,,,,Kiri Vong,KH2104,Takeo,KH21,Cambodia,KH,41.28940582
Reang Kesei,KH020807,,,,Sangkae,KH0208,Battambang,KH02,Cambodia,KH,96.02745819
Reang Til,KH150205,,,,Kandieng,KH1502,Pursat,KH15,Cambodia,KH,79.2303009
Reathor,KH140909,,,,Preah Sdach,KH1409,Prey Veng,KH14,Cambodia,KH,32.18637085
Reay Pay,KH030707,,,,Kang Meas,KH0307,Kampong Cham,KH03,Cambodia,KH,79.48971558
Reul,KH170712,,,,Puok,KH1707,Siemreap,KH17,Cambodia,KH,75.55355072
Rieb Roy,KH130508,,,,Rovieng,KH1305,Preah Vihear,KH13,Cambodia,KH,342.6660156
Rik Reay,KH130505,,,,Rovieng,KH1305,Preah Vihear,KH13,Cambodia,KH,97.62994385
Ro'ang,KH030611,Roang,,,Kampong Siem,KH0306,Kampong Cham,KH03,Cambodia,KH,32.9346199
Ro'ang,KH130602,Roang,,,Sangkum Thmei,KH1306,Preah Vihear,KH13,Cambodia,KH,114.5667419
Robas Mongkol,KH020609,,,,Moung Ruessei,KH0206,Battambang,KH02,Cambodia,KH,128.3894043
Robieb,KH130501,,,,Rovieng,KH1305,Preah Vihear,KH13,Cambodia,KH,71.36891937
Rohal,KH010406,,,,Preah Netr Preah,KH0104,Banteay Meanchey,KH01,Cambodia,KH,151.4093628
Rohas,KH130503,,,,Rovieng,KH1305,Preah Vihear,KH13,Cambodia,KH,28.94155121
Rohat Tuek,KH010208,,,,Mongkol Borei,KH0102,Banteay Meanchey,KH01,Cambodia,KH,61.96072769
Roka,KH020804,,,,Sangkae,KH0208,Battambang,KH02,Cambodia,KH,152.3046265
Roka,KH080117,,,,Kandal Stueng,KH0801,Kandal,KH08,Cambodia,KH,5.902981281
Roka,KH140811,,,,Pea Reang,KH1408,Prey Veng,KH14,Cambodia,KH,64.02664948
Roka Ar,KH030708,,,,Kang Meas,KH0307,Kampong Cham,KH03,Cambodia,KH,28.31773186
Roka Chonlueng,KH080312,,,,Khsach Kandal,KH0803,Kandal,KH08,Cambodia,KH,20.56855011
Roka Kandal,KH100211,,,,Kracheh,KH1002,Kratie,KH10,Cambodia,KH,24.09092522
Roka Kaoh,KH050308,,,,Kong Pisei,KH0503,Kampong Speu,KH05,Cambodia,KH,30.36293793
Roka Khnor,KH250209,,,,Krouch Chhmar,KH2502,Tboung Khmum,KH25,Cambodia,KH,27.2388134
Roka Khpos,KH081009,,,,S'ang,KH0810,Kandal,KH08,Cambodia,KH,34.50590134
Roka Knong,KH210802,,,,Doun Kaev,KH2108,Takeo,KH21,Cambodia,KH,18.54774284
Roka Kong Ti Muoy,KH080707,,,,Mukh Kampul,KH0807,Kandal,KH08,Cambodia,KH,9.193907738
Roka Kong Ti Pir,KH080708,,,,Mukh Kampul,KH0807,Kandal,KH08,Cambodia,KH,6.280635357
Roka Koy,KH030709,,,,Kang Meas,KH0307,Kampong Cham,KH03,Cambodia,KH,37.71272278
Roka Krau,KH210803,,,,Doun Kaev,KH2108,Takeo,KH21,Cambodia,KH,33.64445114
Roka Po Pram,KH250711,,,,Tboung Khmum,KH2507,Tboung Khmum,KH25,Cambodia,KH,201.0246887
Rokar Thum,KH050203,,,,Chbar Mon,KH0502,Kampong Speu,KH05,Cambodia,KH,15.60484028
Rokat,KH150405,,,,Phnum Kravanh,KH1504,Pursat,KH15,Cambodia,KH,853.4242554
Rolea B'ier,KH040610,Rolea Bier,,,Rolea B'ier,KH0406,Kampong Chhnang,KH04,Cambodia,KH,32.45815277
Roleab,KH150506,,,,Pursat,KH1505,Pursat,KH15,Cambodia,KH,204.5016937
Roleang Chak,KH050701,,,,Samraong Tong,KH0507,Kampong Speu,KH05,Cambodia,KH,24.38411522
Roleang Kaen,KH080118,,,,Kandal Stueng,KH0801,Kandal,KH08,Cambodia,KH,12.68656921
Roleang Kreul,KH050706,,,,Samraong Tong,KH0507,Kampong Speu,KH05,Cambodia,KH,36.39556122
Roluos,KH010808,,,,Svay Chek,KH0108,Banteay Meanchey,KH01,Cambodia,KH,28.44105911
Roluos,KH120518,,,,Dangkao,KH1205,Phnom Penh,KH12,Cambodia,KH,4.541051388
Roluos,KH170908,,,,Prasat Bakong,KH1709,Siemreap,KH17,Cambodia,KH,20.72329712
Roluos Mean Chey,KH100406,,,,Sambour,KH1004,Kratie,KH10,Cambodia,KH,826.5231323
Romeang Thkaol,KH200708,,,,Svay Teab,KH2007,Svay Rieng,KH20,Cambodia,KH,40.30580902
Romenh,KH210505,,,,Kaoh Andaet,KH2105,Takeo,KH21,Cambodia,KH,70.03292847
Romonea,KH110504,,,,Saen Monourom,KH1105,Mondul Kiri,KH11,Cambodia,KH,182.7209473
Romoneiy,KH130512,,,,Rovieng,KH1305,Preah Vihear,KH13,Cambodia,KH,592.7102051
Romtum,KH130511,,,,Rovieng,KH1305,Preah Vihear,KH13,Cambodia,KH,354.9580994
Ronak Ser,KH130605,,,,Sangkum Thmei,KH1306,Preah Vihear,KH13,Cambodia,KH,540.1856689
Roneam,KH211008,,,,Treang,KH2110,Takeo,KH21,Cambodia,KH,30.62277985
Rotanak,KH130507,,,,Rovieng,KH1305,Preah Vihear,KH13,Cambodia,KH,93.65694427
Rottanak,KH020303,,,,Battambang,KH0203,Battambang,KH02,Cambodia,KH,6.868192673
Roung Damrei,KH140105,,,,Ba Phnum,KH1401,Prey Veng,KH14,Cambodia,KH,47.29544067
Roung Kou,KH170605,,,,Kralanh,KH1706,Siemreap,KH17,Cambodia,KH,16.08111572
Rovieng,KH210707,,,,Samraong,KH2107,Takeo,KH21,Cambodia,KH,35.6579895
Roya,KH110203,,,,Kaoh Nheaek,KH1102,Mondul Kiri,KH11,Cambodia,KH,2219.089844
Ruessei Chrouy,KH080709,,,,Mukh Kampul,KH0807,Kandal,KH08,Cambodia,KH,23.89935684
Ruessei Chrum,KH090704,,,,Thma Bang,KH0907,Koh Kong,KH09,Cambodia,KH,579.6553345
Ruessei Kaev,KH120706,,,,Russey Keo,KH1207,Phnom Penh,KH12,Cambodia,KH,5.137784958
Ruessei Krang,KH020604,,,,Moung Ruessei,KH0206,Battambang,KH02,Cambodia,KH,163.6394043
Ruessei Kraok,KH010209,,,,Mongkol Borei,KH0102,Banteay Meanchey,KH01,Cambodia,KH,39.8158989
Ruessei Lok,KH170410,,,,Chi Kraeng,KH1704,Siemreap,KH17,Cambodia,KH,114.6285172
Ruessei Sanh,KH141211,,,,Sithor Kandal,KH1412,Prey Veng,KH14,Cambodia,KH,44.16081238
Ruessei Srok,KH031411,,,,Srei Santhor,KH0314,Kampong Cham,KH03,Cambodia,KH,16.18844795
Ruessei Srok,KH140609,,,,Peam Chor,KH1406,Prey Veng,KH14,Cambodia,KH,48.6865921
Ruessei Srok Khang Kaeut,KH070613,,,,Kampong Trach,KH0706,Kampot,KH07,Cambodia,KH,22.91499138
Ruessei Srok Khang Lech,KH070614,,,,Kampong Trach,KH0706,Kampot,KH07,Cambodia,KH,29.53133202
Rumchek,KH030612,,,,Kampong Siem,KH0306,Kampong Cham,KH03,Cambodia,KH,15.38019085
Rumchek,KH140910,,,,Preah Sdach,KH1409,Prey Veng,KH14,Cambodia,KH,41.99258041
Rumchek,KH170304,,,,Banteay Srei,KH1703,Siemreap,KH17,Cambodia,KH,19.35524178
Rumchek,KH250310,,,,Memot,KH2503,Tboung Khmum,KH25,Cambodia,KH,226.4873505
Rumdaoh,KH130510,,,,Rovieng,KH1305,Preah Vihear,KH13,Cambodia,KH,202.4295197
Rumdaoh Srae,KH130304,,,,Choam Ksant,KH1303,Preah Vihear,KH13,Cambodia,KH,319.1277466
Rumlech,KH141210,,,,Sithor Kandal,KH1412,Prey Veng,KH14,Cambodia,KH,31.27192497
Rumlech,KH150106,,,,Bakan,KH1501,Pursat,KH15,Cambodia,KH,52.77482605
Run Ta Aek,KH170305,,,,Banteay Srei,KH1703,Siemreap,KH17,Cambodia,KH,99.83236694
Rung,KH250311,,,,Memot,KH2503,Tboung Khmum,KH25,Cambodia,KH,33.50246811
Rung Chrey,KH020210,,,,Thma Koul,KH0202,Battambang,KH02,Cambodia,KH,81.00623322
Rung Roeang,KH050805,,,,Thpong,KH0508,Kampong Speu,KH05,Cambodia,KH,39.96046066
Rung Roeang,KH060811,,,,Stoung,KH0608,Kampong Thom,KH06,Cambodia,KH,14.47544193
Rung Roeang,KH130504,,,,Rovieng,KH1305,Preah Vihear,KH13,Cambodia,KH,190.5523834
Ruos Roan,KH130506,,,,Rovieng,KH1305,Preah Vihear,KH13,Cambodia,KH,35.65008926
Russey Keo,KH100306,,,,Prek Prasab,KH1003,Kratie,KH10,Cambodia,KH,106.3266678
S'ang,KH130101,Sang,,,Chey Saen,KH1301,Preah Vihear,KH13,Cambodia,KH,35.74830627
S'ang Phnum,KH081010,Sang Phnum,,,S'ang,KH0810,Kandal,KH08,Cambodia,KH,41.81951904
Saeb,KH040508,,,,Kampong Tralach,KH0405,Kampong Chhnang,KH04,Cambodia,KH,34.28327942
Saen Dei,KH050709,,,,Samraong Tong,KH0507,Kampong Speu,KH05,Cambodia,KH,47.92421722
Saen Monourom,KH110302,,,,Ou Reang,KH1103,Mondul Kiri,KH11,Cambodia,KH,786.8035278
Saen Sokh,KH170607,,,,Kralanh,KH1706,Siemreap,KH17,Cambodia,KH,62.86321259
Saeung,KH160305,,,,Bar Kaev,KH1603,Ratanak Kiri,KH16,Cambodia,KH,46.39794159
Sak Sampov,KH120514,,,,Dangkao,KH1205,Phnom Penh,KH12,Cambodia,KH,5.837917805
Sakream,KH060404,,,,Prasat Ballangk,KH0604,Kampong Thom,KH06,Cambodia,KH,345.3220215
Sala Kamreuk,KH171004,,,,Siem Reap,KH1710,Siemreap,KH17,Cambodia,KH,8.502313614
Sala Krau,KH240201,,,,Sala Krau,KH2402,Pailin,KH24,Cambodia,KH,59.39097595
Sala Visai,KH060405,,,,Prasat Ballangk,KH0604,Kampong Thom,KH06,Cambodia,KH,396.8778687
Sam Ang,KH190509,,,,Thala Barivat,KH1905,Stung Treng,KH19,Cambodia,KH,371.8143005
Sambatt Mean Chey,KH200414,,,,Romeas Haek,KH2004,Svay Rieng,KH20,Cambodia,KH,39.25697327
Sambok,KH100607,,,,Chetr Borei,KH1006,Kratie,KH10,Cambodia,KH,270.5837402
Sambour,KH030107,,,,Batheay,KH0301,Kampong Cham,KH03,Cambodia,KH,94.91506195
Sambour,KH050708,,,,Samraong Tong,KH0507,Kampong Speu,KH05,Cambodia,KH,30.18825722
Sambour,KH060503,,,,Prasat Sambour,KH0605,Kampong Thom,KH06,Cambodia,KH,209.0293121
Sambour,KH100407,,,,Sambour,KH1004,Kratie,KH10,Cambodia,KH,96.4124527
Sambuor,KH010210,,,,Mongkol Borei,KH0102,Banteay Meanchey,KH01,Cambodia,KH,77.04489899
Sambuor,KH080612,,,,Lvea Aem,KH0806,Kandal,KH08,Cambodia,KH,18.9812603
Sambuor,KH170606,,,,Kralanh,KH1706,Siemreap,KH17,Cambodia,KH,149.7447205
Sambuor,KH200413,,,,Romeas Haek,KH2004,Svay Rieng,KH20,Cambodia,KH,27.59334183
Sambuor,KH200709,,,,Svay Teab,KH2007,Svay Rieng,KH20,Cambodia,KH,43.94447708
Sambuor,KH211009,,,,Treang,KH2110,Takeo,KH21,Cambodia,KH,55.49055481
Sambuor Meas,KH030503,,,,Kampong Cham,KH0305,Kampong Cham,KH03,Cambodia,KH,14.2585659
Sambuor Meas,KH080710,,,,Mukh Kampul,KH0807,Kandal,KH08,Cambodia,KH,78.95614624
Sameakki,KH060406,,,,Prasat Ballangk,KH0604,Kampong Thom,KH06,Cambodia,KH,78.45780182
Sameakki,KH160606,,,,Ou Chum,KH1606,Ratanak Kiri,KH16,Cambodia,KH,70.05700684
Sameakki,KH180209,,,,Prey Nob,KH1802,Preah Sihanouk,KH18,Cambodia,KH,215.5597229
Sameakki,KH190404,,,,Stueng Traeng,KH1904,Stung Treng,KH19,Cambodia,KH,512.9556274
Samkhuoy,KH190104,,,,Sesan,KH1901,Stung Treng,KH19,Cambodia,KH,203.5505066
Samlanh,KH070110,,,,Angkor Chey,KH0701,Kampot,KH07,Cambodia,KH,24.49875832
Samlei,KH200207,,,,Kampong Rou,KH2002,Svay Rieng,KH20,Cambodia,KH,52.22171783
Samlout,KH020905,,,,Samlout,KH0209,Battambang,KH02,Cambodia,KH,197.337677
Sampeou Poun,KH080412,,,,Kaoh Thum,KH0804,Kandal,KH08,Cambodia,KH,64.25549316
Sampong Chey,KH030306,,,,Cheung Prey,KH0303,Kampong Cham,KH03,Cambodia,KH,55.82159042
Sampov Lun,KH021001,,,,Sampov Lun,KH0210,Battambang,KH02,Cambodia,KH,123.4560165
Samprouch,KH060812,,,,Stoung,KH0608,Kampong Thom,KH06,Cambodia,KH,224.4927063
Samraong,KH010505,,,,Ou Chrov,KH0105,Banteay Meanchey,KH01,Cambodia,KH,96.17170715
Samraong,KH031311,,,,Prey Chhor,KH0313,Kampong Cham,KH03,Cambodia,KH,23.16509247
Samraong,KH121103,,,,Praek Pnov,KH1211,Phnom Penh,KH12,Cambodia,KH,18.79627609
Samraong,KH141309,,,,Svay Antor,KH1413,Prey Veng,KH14,Cambodia,KH,66.21892548
Samraong,KH150407,,,,Phnum Kravanh,KH1504,Pursat,KH15,Cambodia,KH,546.5350952
Samraong,KH171109,,,,Soutr Nikom,KH1711,Siemreap,KH17,Cambodia,KH,24.15524101
Samraong,KH200109,,,,Chantrea,KH2001,Svay Rieng,KH20,Cambodia,KH,21.89260674
Samraong,KH210708,,,,Samraong,KH2107,Takeo,KH21,Cambodia,KH,15.81000137
Samraong,KH210910,,,,Tram Kak,KH2109,Takeo,KH21,Cambodia,KH,25.67937279
Samraong,KH220404,,,,Samraong,KH2204,Oddar Meanchey,KH22,Cambodia,KH,95.28801727
Samraong Knong,KH020502,,,,Aek Phnum,KH0205,Battambang,KH02,Cambodia,KH,20.87897873
Samraong Kraom,KH070204,,,,Banteay Meas,KH0702,Kampot,KH07,Cambodia,KH,22.86235428
Samraong Kraom,KH120906,,,,Pur SenChey,KH1209,Phnom Penh,KH12,Cambodia,KH,12.28779125
Samraong Leu,KH070205,,,,Banteay Meas,KH0702,Kampot,KH07,Cambodia,KH,16.64051628
Samraong Leu,KH080814,,,,Angk Snuol,KH0808,Kandal,KH08,Cambodia,KH,31.08408737
Samraong Saen,KH040407,,,,Kampong Leaeng,KH0404,Kampong Chhnang,KH04,Cambodia,KH,46.39212036
Samraong Thum,KH080211,,,,Kien Svay,KH0802,Kandal,KH08,Cambodia,KH,95.48088074
Samraong Yea,KH170713,,,,Puok,KH1707,Siemreap,KH17,Cambodia,KH,46.499897
Samrong,KH180210,,,,Prey Nob,KH1802,Preah Sihanouk,KH18,Cambodia,KH,72.94620514
Samrong Tong,KH050707,,,,Samraong Tong,KH0507,Kampong Speu,KH05,Cambodia,KH,29.83586311
Samyaong,KH200208,,,,Kampong Rou,KH2002,Svay Rieng,KH20,Cambodia,KH,23.82817268
San Kor,KH060207,,,,Kampong Svay,KH0602,Kampong Thom,KH06,Cambodia,KH,222.7908173
Sandaek,KH030108,,,,Batheay,KH0301,Kampong Cham,KH03,Cambodia,KH,59.2033577
Sandan,KH060607,,,,Sandan,KH0606,Kampong Thom,KH06,Cambodia,KH,256.6445618
Sandan,KH100408,,,,Sambour,KH1004,Kratie,KH10,Cambodia,KH,97.3242569
Sandar,KH080507,,,,Leuk Daek,KH0805,Kandal,KH08,Cambodia,KH,36.23934174
Sangkae,KH200308,,,,Rumduol,KH2003,Svay Rieng,KH20,Cambodia,KH,26.00338364
Sangkae Muoy,KH130203,,,,Chhaeb,KH1302,Preah Vihear,KH13,Cambodia,KH,328.7209473
Sangkae Pir,KH130204,,,,Chhaeb,KH1302,Preah Vihear,KH13,Cambodia,KH,61.96984863
Sangkae Satob,KH050404,,,,Aoral,KH0504,Kampong Speu,KH05,Cambodia,KH,217.2601471
Sangkhoar,KH200607,,,,Svay Rieng,KH2006,Svay Rieng,KH20,Cambodia,KH,29.79694557
Sangvaeuy,KH170411,,,,Chi Kraeng,KH1704,Siemreap,KH17,Cambodia,KH,87.50115204
Sanlung,KH080313,,,,Khsach Kandal,KH0803,Kandal,KH08,Cambodia,KH,26.3377018
Sanlung,KH211010,,,,Treang,KH2110,Takeo,KH21,Cambodia,KH,35.55484772
Santepheap,KH021004,,,,Sampov Lun,KH0210,Battambang,KH02,Cambodia,KH,61.27350998
Santepheap,KH190303,,,,Siem Pang,KH1903,Stung Treng,KH19,Cambodia,KH,1961.876465
Santreae,KH150406,,,,Phnum Kravanh,KH1504,Pursat,KH15,Cambodia,KH,667.8718262
Saob,KH100307,,,,Prek Prasab,KH1003,Kratie,KH10,Cambodia,KH,269.8547363
Saom,KH210411,,,,Kiri Vong,KH2104,Takeo,KH21,Cambodia,KH,59.02103806
Saom Thum,KH160706,,,,Ou Ya Dav,KH1607,Ratanak Kiri,KH16,Cambodia,KH,103.3387375
Sarikakaev,KH080613,,,,Lvea Aem,KH0806,Kandal,KH08,Cambodia,KH,19.65517426
Sarongk,KH010802,,,,Svay Chek,KH0108,Banteay Meanchey,KH01,Cambodia,KH,46.82313919
Sasar Sdam,KH170701,,,,Puok,KH1707,Siemreap,KH17,Cambodia,KH,55.39693832
Satv Pong,KH070312,,,,Chhuk,KH0703,Kampot,KH07,Cambodia,KH,17.30138206
Sdach Kong Khang Cheung,KH070206,,,,Banteay Meas,KH0702,Kampot,KH07,Cambodia,KH,22.15555573
Sdach Kong Khang Lech,KH070207,,,,Banteay Meas,KH0702,Kampot,KH07,Cambodia,KH,24.44870186
Sdach Kong Khang Tboung,KH070208,,,,Banteay Meas,KH0702,Kampot,KH07,Cambodia,KH,26.59556007
Sdaeung Chey,KH030307,,,,Cheung Prey,KH0303,Kampong Cham,KH03,Cambodia,KH,58.9007225
Sdau,KH020701,,,,Rotonak Mondol,KH0207,Battambang,KH02,Cambodia,KH,55.57209396
Sdau,KH030710,,,,Kang Meas,KH0307,Kampong Cham,KH03,Cambodia,KH,14.77414799
Sdau,KH130604,,,,Sangkum Thmei,KH1306,Preah Vihear,KH13,Cambodia,KH,385.1300049
Sdau,KH190105,,,,Sesan,KH1901,Stung Treng,KH19,Cambodia,KH,304.5672913
Sdau Kaong,KH140106,,,,Ba Phnum,KH1401,Prey Veng,KH14,Cambodia,KH,45.56208801
Sdok,KH050309,,,,Kong Pisei,KH0503,Kampong Speu,KH05,Cambodia,KH,26.88062859
Sdok Pravoek,KH021404,,,,Rukh Kiri,KH0214,Battambang,KH02,Cambodia,KH,118.2765198
Seang Khveang,KH140205,,,,Kamchay Mear,KH1402,Prey Veng,KH14,Cambodia,KH,40.24075317
Seda,KH160506,,,,Lumphat,KH1605,Ratanak Kiri,KH16,Cambodia,KH,448.6627808
Seda,KH250105,,,,Dambae,KH2501,Tboung Khmum,KH25,Cambodia,KH,192.6975861
Sedthei,KH040705,,,,Sameakki Mean Chey,KH0407,Kampong Chhnang,KH04,Cambodia,KH,50.43874359
Sekong,KH190302,,,,Siem Pang,KH1903,Stung Treng,KH19,Cambodia,KH,773.6566162
Sena Reach Otdam,KH140911,,,,Preah Sdach,KH1409,Prey Veng,KH14,Cambodia,KH,49.24918365
Serei Mean Chey,KH021005,,,,Sampov Lun,KH0210,Battambang,KH02,Cambodia,KH,64.01867676
Serei Mongkol,KH160401,,,,Koun Mom,KH1604,Ratanak Kiri,KH16,Cambodia,KH,545.7905273
Sesan,KH160705,,,,Ou Ya Dav,KH1607,Ratanak Kiri,KH16,Cambodia,KH,43.67153931
Setbou,KH081011,,,,S'ang,KH0810,Kandal,KH08,Cambodia,KH,17.0573082
Siem Bouk,KH190206,,,,Siem Bouk,KH1902,Stung Treng,KH19,Cambodia,KH,1039.022827
Siem Reab,KH080122,,,,Kandal Stueng,KH0801,Kandal,KH08,Cambodia,KH,4.69245863
Siem Reab,KH171009,,,,Siem Reap,KH1710,Siemreap,KH17,Cambodia,KH,26.58372879
Sithor,KH080314,,,,Khsach Kandal,KH0803,Kandal,KH08,Cambodia,KH,25.66457748
Skuh,KH050710,,,,Samraong Tong,KH0507,Kampong Speu,KH05,Cambodia,KH,43.21983719
Sla,KH210710,,,,Samraong,KH2107,Takeo,KH21,Cambodia,KH,20.25385857
Sla Ket,KH020305,,,,Battambang,KH0203,Battambang,KH02,Cambodia,KH,7.664800644
Sla Kram,KH010803,,,,Svay Chek,KH0108,Banteay Meanchey,KH01,Cambodia,KH,168.5223389
Sla Kram,KH171001,,,,Siem Reap,KH1710,Siemreap,KH17,Cambodia,KH,12.98358822
Slaeng Spean,KH171206,,,,Srei Snam,KH1712,Siemreap,KH17,Cambodia,KH,226.1733551
Smach Mean Chey,KH090401,,,,Khemara Phoumin,KH0904,Koh Kong,KH09,Cambodia,KH,57.37248993
Smaong,KH211011,,,,Treang,KH2110,Takeo,KH21,Cambodia,KH,15.33685589
Smaong Khang Cheung,KH140206,,,,Kamchay Mear,KH1402,Prey Veng,KH14,Cambodia,KH,75.67121887
Smaong Khang Tboung,KH140207,,,,Kamchay Mear,KH1402,Prey Veng,KH14,Cambodia,KH,70.32228088
Sna Ansa,KH150309,,,,Krakor,KH1503,Pursat,KH15,Cambodia,KH,87.65302277
Snam Krapeu,KH050310,,,,Kong Pisei,KH0503,Kampong Speu,KH05,Cambodia,KH,31.40820122
Snam Preah,KH150107,,,,Bakan,KH1501,Pursat,KH15,Cambodia,KH,209.0460663
Snao,KH210612,,,,Prey Kabbas,KH2106,Takeo,KH21,Cambodia,KH,24.25693893
Snaor,KH120913,,,,Pur SenChey,KH1209,Phnom Penh,KH12,Cambodia,KH,14.44063187
Snay Anhchit,KH070403,,,,Chum Kiri,KH0704,Kampot,KH07,Cambodia,KH,58.53047562
Sngkat Sambuor,KH171008,,,,Siem Reap,KH1710,Siemreap,KH17,Cambodia,KH,27.22601318
Snoeng,KH020107,,,,Banan,KH0201,Battambang,KH02,Cambodia,KH,267.8187866
Snuol,KH100503,,,,Snuol,KH1005,Kratie,KH10,Cambodia,KH,182.1249084
Snuol,KH170608,,,,Kralanh,KH1706,Siemreap,KH17,Cambodia,KH,73.80292511
Sochet,KH060608,,,,Sandan,KH0606,Kampong Thom,KH06,Cambodia,KH,485.8579102
Soea,KH010211,,,,Mongkol Borei,KH0102,Banteay Meanchey,KH01,Cambodia,KH,188.7833557
Soengh,KH010507,,,,Ou Chrov,KH0105,Banteay Meanchey,KH01,Cambodia,KH,89.84137726
Soengh,KH210709,,,,Samraong,KH2107,Takeo,KH21,Cambodia,KH,31.19670486
Sokh Dom,KH110502,,,,Saen Monourom,KH1105,Mondul Kiri,KH11,Cambodia,KH,185.6473389
Sokh Sant,KH110204,,,,Kaoh Nheaek,KH1102,Mondul Kiri,KH11,Cambodia,KH,713.7385864
Sopoar Tep,KH050204,,,,Chbar Mon,KH0502,Kampong Speu,KH05,Cambodia,KH,7.718080997
Sou Young,KH060114,,,,Baray,KH0601,Kampong Thom,KH06,Cambodia,KH,19.74902534
Soupheas,KH031512,,,,Stueng Trang,KH0315,Kampong Cham,KH03,Cambodia,KH,62.17066193
Souphi,KH010506,,,,Ou Chrov,KH0105,Banteay Meanchey,KH01,Cambodia,KH,77.89317322
Sour Kong,KH030711,,,,Kang Meas,KH0307,Kampong Cham,KH03,Cambodia,KH,42.72016144
Sour Phi,KH210211,,,,Bati,KH2102,Takeo,KH21,Cambodia,KH,11.46512508
Sour Saen,KH031310,,,,Prey Chhor,KH0313,Kampong Cham,KH03,Cambodia,KH,17.77019119
Soutib,KH030308,,,,Cheung Prey,KH0303,Kampong Cham,KH03,Cambodia,KH,26.28334808
Spean Mean Chey,KH110503,,,,Saen Monourom,KH1105,Mondul Kiri,KH11,Cambodia,KH,93.7951889
Spean Sraeng,KH010304,,,,Phnum Srok,KH0103,Banteay Meanchey,KH01,Cambodia,KH,63.99157333
Spean Thma,KH120519,,,,Dangkao,KH1205,Phnom Penh,KH12,Cambodia,KH,7.841733932
Spean Tnaot,KH170412,,,,Chi Kraeng,KH1704,Siemreap,KH17,Cambodia,KH,193.0793152
Spueu,KH030205,,,,Chamkar Leu,KH0302,Kampong Cham,KH03,Cambodia,KH,31.04006004
Spueu Ka,KH140107,,,,Ba Phnum,KH1401,Prey Veng,KH14,Cambodia,KH,23.05151367
Spueu Kha,KH140108,,,,Ba Phnum,KH1401,Prey Veng,KH14,Cambodia,KH,29.42739296
Srae Ambel,KH090606,,,,Srae Ambel,KH0906,Koh Kong,KH09,Cambodia,KH,56.32275772
Srae Ampum,KH110403,,,,Pech Chreada,KH1104,Mondul Kiri,KH11,Cambodia,KH,177.5859833
Srae Angkrorng,KH160402,,,,Koun Mom,KH1604,Ratanak Kiri,KH16,Cambodia,KH,369.0479126
Srae Chaeng,KH070404,,,,Chum Kiri,KH0704,Kampot,KH07,Cambodia,KH,177.9738464
Srae Char,KH100504,,,,Snuol,KH1005,Kratie,KH10,Cambodia,KH,298.2093201
Srae Chea Khang Cheung,KH070506,,,,Dang Tong,KH0705,Kampot,KH07,Cambodia,KH,24.43806458
Srae Chea Khang Tboung,KH070507,,,,Dang Tong,KH0705,Kampot,KH07,Cambodia,KH,38.09680557
Srae Chhuk,KH110103,,,,Kaev Seima,KH1101,Mondul Kiri,KH11,Cambodia,KH,514.7264404
Srae Chis,KH100409,,,,Sambour,KH1004,Kratie,KH10,Cambodia,KH,451.1488953
Srae Huy,KH110205,,,,Kaoh Nheaek,KH1102,Mondul Kiri,KH11,Cambodia,KH,560.0532227
Srae Khtum,KH110104,,,,Kaev Seima,KH1101,Mondul Kiri,KH11,Cambodia,KH,325.1163635
Srae Khvav,KH170106,,,,Angkor Chum,KH1701,Siemreap,KH17,Cambodia,KH,104.7854538
Srae Knong,KH070405,,,,Chum Kiri,KH0704,Kampot,KH07,Cambodia,KH,63.45252228
Srae Kor,KH190106,,,,Sesan,KH1901,Stung Treng,KH19,Cambodia,KH,398.5180054
Srae Krasang,KH190207,,,,Siem Bouk,KH1902,Stung Treng,KH19,Cambodia,KH,107.5601196
Srae Nouy,KH171403,,,,Varin,KH1714,Siemreap,KH17,Cambodia,KH,507.5610657
Srae Preah,KH110105,,,,Kaev Seima,KH1101,Mondul Kiri,KH11,Cambodia,KH,440.8004456
Srae Ronoung,KH210911,,,,Tram Kak,KH2109,Takeo,KH21,Cambodia,KH,35.747715
Srae Ruessei,KH190510,,,,Thala Barivat,KH1905,Stung Treng,KH19,Cambodia,KH,144.7751312
Srae Sambour,KH190304,,,,Siem Pang,KH1903,Stung Treng,KH19,Cambodia,KH,700.8026123
Srae Samraong,KH070406,,,,Chum Kiri,KH0704,Kampot,KH07,Cambodia,KH,39.21396637
Srae Sangkum,KH110206,,,,Kaoh Nheaek,KH1102,Mondul Kiri,KH11,Cambodia,KH,702.1987305
Srae Sdok,KH150206,,,,Kandieng,KH1502,Pursat,KH15,Cambodia,KH,192.5625
Srae Thmei,KH040611,,,,Rolea B'ier,KH0406,Kampong Chhnang,KH04,Cambodia,KH,29.29784203
Sraeung,KH060504,,,,Prasat Sambour,KH0605,Kampong Thom,KH06,Cambodia,KH,192.5448303
Sragnae,KH031312,,,,Prey Chhor,KH0313,Kampong Cham,KH03,Cambodia,KH,14.39033604
Srah Chak,KH120210,,,,Doun Penh,KH1202,Phnom Penh,KH12,Cambodia,KH,3.266287088
Srah Chik,KH010305,,,,Phnum Srok,KH0103,Banteay Meanchey,KH01,Cambodia,KH,85.90474701
Srah Reang,KH010212,,,,Mongkol Borei,KH0102,Banteay Meanchey,KH01,Cambodia,KH,32.96007919
Srah Ruessei,KH190402,,,,Stueng Traeng,KH1904,Stung Treng,KH19,Cambodia,KH,47.87254715
Srak,KH030613,,,,Kampong Siem,KH0306,Kampong Cham,KH03,Cambodia,KH,68.29014587
Sralab,KH250712,,,,Tboung Khmum,KH2507,Tboung Khmum,KH25,Cambodia,KH,81.4318161
Sralau,KH060115,,,,Baray,KH0601,Kampong Thom,KH06,Cambodia,KH,159.6264648
Sramar,KH030309,,,,Cheung Prey,KH0303,Kampong Cham,KH03,Cambodia,KH,25.09578133
Sranal,KH170609,,,,Kralanh,KH1706,Siemreap,KH17,Cambodia,KH,100.7784195
Srang,KH050311,,,,Kong Pisei,KH0503,Kampong Speu,KH05,Cambodia,KH,74.33396912
Srangae,KH171010,,,,Siem Reap,KH1710,Siemreap,KH17,Cambodia,KH,37.15379715
Srangae,KH211012,,,,Treang,KH2110,Takeo,KH21,Cambodia,KH,27.13821411
Srayang,KH130406,,,,Kuleaen,KH1304,Preah Vihear,KH13,Cambodia,KH,1112.664063
Srayov,KH060310,,,,Stueng Saen,KH0603,Kampong Thom,KH06,Cambodia,KH,282.5927429
Sror Aem,KH130307,,,,Choam Ksant,KH1303,Preah Vihear,KH13,Cambodia,KH,629.046936
Stueng Chhay,KH180404,,,,Kampong Seila,KH1804,Preah Sihanouk,KH18,Cambodia,KH,87.34619141
Stueng Kach,KH240203,,,,Sala Krau,KH2402,Pailin,KH24,Cambodia,KH,112.3468475
Stueng Kaev,KH070715,,,,Tuek Chhou,KH0707,Kampot,KH07,Cambodia,KH,101.6632919
Stueng Mean Chey,KH120601,,,,Mean Chey,KH1206,Phnom Penh,KH12,Cambodia,KH,11.30008793
Stueng Traeng,KH190401,,,,Stueng Traeng,KH1904,Stung Treng,KH19,Cambodia,KH,74.21183014
Stueng Trang,KH240202,,,,Sala Krau,KH2402,Pailin,KH24,Cambodia,KH,149.4716949
Stueng Veaeng,KH090403,,,,Khemara Phoumin,KH0904,Koh Kong,KH09,Cambodia,KH,41.03968048
Sung,KH020904,,,,Samlout,KH0209,Battambang,KH02,Cambodia,KH,128.3294983
Suong,KH250601,,,,Suong,KH2506,Tboung Khmum,KH25,Cambodia,KH,38.06585693
Svay,KH040706,,,,Sameakki Mean Chey,KH0407,Kampong Chhnang,KH04,Cambodia,KH,39.1460495
Svay Ampear,KH080711,,,,Mukh Kampul,KH0807,Kandal,KH08,Cambodia,KH,20.39908981
Svay Angk,KH200513,,,,Svay Chrum,KH2005,Svay Rieng,KH20,Cambodia,KH,21.78826141
Svay Antor,KH141310,,,,Svay Antor,KH1413,Prey Veng,KH14,Cambodia,KH,32.99057388
Svay At,KH150507,,,,Pursat,KH1505,Pursat,KH15,Cambodia,KH,10.7304678
Svay Chacheb,KH050110,,,,Basedth,KH0501,Kampong Speu,KH05,Cambodia,KH,63.1009903
Svay Chek,KH010804,,,,Svay Chek,KH0108,Banteay Meanchey,KH01,Cambodia,KH,210.3054962
Svay Chek,KH170204,,,,Angkor Thum,KH1702,Siemreap,KH17,Cambodia,KH,42.69202042
Svay Chek,KH200309,,,,Rumduol,KH2003,Svay Rieng,KH20,Cambodia,KH,31.47208023
Svay Chreah,KH100505,,,,Snuol,KH1005,Kratie,KH10,Cambodia,KH,748.8041992
Svay Chrum,KH040612,,,,Rolea B'ier,KH0406,Kampong Chhnang,KH04,Cambodia,KH,85.32456207
Svay Chrum,KH080315,,,,Khsach Kandal,KH0803,Kandal,KH08,Cambodia,KH,18.95849609
Svay Chrum,KH140507,,,,Me Sang,KH1405,Prey Veng,KH14,Cambodia,KH,85.75947571
Svay Chrum,KH200514,,,,Svay Chrum,KH2005,Svay Rieng,KH20,Cambodia,KH,12.85672665
Svay Chuk,KH040707,,,,Sameakki Mean Chey,KH0407,Kampong Chhnang,KH04,Cambodia,KH,116.0717545
Svay Dankum,KH171002,,,,Siem Reap,KH1710,Siemreap,KH17,Cambodia,KH,40.37695694
Svay Doun Kaev,KH150108,,,,Bakan,KH1501,Pursat,KH15,Cambodia,KH,29.53442001
Svay Khleang,KH250210,,,,Krouch Chhmar,KH2502,Tboung Khmum,KH25,Cambodia,KH,45.20590973
Svay Khsach Phnum,KH031413,,,,Srei Santhor,KH0314,Kampong Cham,KH03,Cambodia,KH,13.99555206
Svay Kravan,KH050205,,,,Chbar Mon,KH0502,Kampong Speu,KH05,Cambodia,KH,15.46567059
Svay Leu,KH171304,,,,Svay Leu,KH1713,Siemreap,KH17,Cambodia,KH,279.3612671
Svay Luong,KH150207,,,,Kandieng,KH1502,Pursat,KH15,Cambodia,KH,25.26335907
Svay Pak,KH120703,,,,Russey Keo,KH1207,Phnom Penh,KH12,Cambodia,KH,3.683344841
Svay Phleung,KH060116,,,,Baray,KH0601,Kampong Thom,KH06,Cambodia,KH,26.83990097
Svay Phluoh,KH140610,,,,Peam Chor,KH1406,Prey Veng,KH14,Cambodia,KH,35.15380096
Svay Por,KH020310,,,,Battambang,KH0203,Battambang,KH02,Cambodia,KH,2.181438684
Svay Pou,KH031412,,,,Srei Santhor,KH0314,Kampong Cham,KH03,Cambodia,KH,22.5452404
Svay Prateal,KH081012,,,,S'ang,KH0810,Kandal,KH08,Cambodia,KH,33.9174614
Svay Rieng,KH200601,,,,Svay Rieng,KH2006,Svay Rieng,KH20,Cambodia,KH,5.462973595
Svay Rolum,KH081013,,,,S'ang,KH0810,Kandal,KH08,Cambodia,KH,17.52664185
Svay Romiet,KH080316,,,,Khsach Kandal,KH0803,Kandal,KH08,Cambodia,KH,14.1432333
Svay Rumpear,KH040408,,,,Kampong Leaeng,KH0404,Kampong Chhnang,KH04,Cambodia,KH,77.30728912
Svay Rumpear,KH050114,,,,Basedth,KH0501,Kampong Speu,KH05,Cambodia,KH,24.31634712
Svay Rumpear,KH200711,,,,Svay Teab,KH2007,Svay Rieng,KH20,Cambodia,KH,25.70269585
Svay Sa,KH150310,,,,Krakor,KH1503,Pursat,KH15,Cambodia,KH,195.9093933
Svay Sa,KH171404,,,,Varin,KH1714,Siemreap,KH17,Cambodia,KH,88.99264526
Svay Ta Yean,KH200209,,,,Kampong Rou,KH2002,Svay Rieng,KH20,Cambodia,KH,44.45615387
Svay Teab,KH030206,,,,Chamkar Leu,KH0302,Kampong Cham,KH03,Cambodia,KH,86.0617981
Svay Thum,KH200515,,,,Svay Chrum,KH2005,Svay Rieng,KH20,Cambodia,KH,42.23354721
Svay Toea,KH200606,,,,Svay Rieng,KH2006,Svay Rieng,KH20,Cambodia,KH,21.58784866
Svay Tong Khang Cheung,KH070615,,,,Kampong Trach,KH0706,Kampot,KH07,Cambodia,KH,17.67554855
Svay Tong Khang Tboung,KH070616,,,,Kampong Trach,KH0706,Kampot,KH07,Cambodia,KH,13.58452797
Svay Yea,KH200516,,,,Svay Chrum,KH2005,Svay Rieng,KH20,Cambodia,KH,37.58089066
Sya,KH150208,,,,Kandieng,KH1502,Pursat,KH15,Cambodia,KH,106.5298538
Ta Aek,KH080317,,,,Khsach Kandal,KH0803,Kandal,KH08,Cambodia,KH,13.73409367
Ta An,KH170610,,,,Kralanh,KH1706,Siemreap,KH17,Cambodia,KH,24.31983566
Ta Ang,KH160403,,,,Koun Mom,KH1604,Ratanak Kiri,KH16,Cambodia,KH,161.9657288
Ta Baen,KH010805,,,,Svay Chek,KH0108,Banteay Meanchey,KH01,Cambodia,KH,27.19267273
Ta Ches,KH040509,,,,Kampong Tralach,KH0405,Kampong Chhnang,KH04,Cambodia,KH,53.19509125
Ta Kao,KH141105,,,,Pur Rieng,KH1411,Prey Veng,KH14,Cambodia,KH,33.71912766
Ta Kdol,KH081101,,,,Ta Khmau,KH0811,Kandal,KH08,Cambodia,KH,2.387669563
Ta Khmao,KH081104,,,,Ta Khmau,KH0811,Kandal,KH08,Cambodia,KH,9.910517693
Ta Kong,KH010906,,,,Malai,KH0109,Banteay Meanchey,KH01,Cambodia,KH,133.5251007
Ta Kream,KH020108,,,,Banan,KH0201,Battambang,KH02,Cambodia,KH,229.3506165
Ta Krei,KH021206,,,,Kamrieng,KH0212,Battambang,KH02,Cambodia,KH,171.7702637
Ta Lam,KH010213,,,,Mongkol Borei,KH0102,Banteay Meanchey,KH01,Cambodia,KH,36.90700531
Ta Lat,KH190107,,,,Sesan,KH1901,Stung Treng,KH19,Cambodia,KH,523.2334595
Ta Lav,KH160104,,,,Andoung Meas,KH1601,Ratanak Kiri,KH16,Cambodia,KH,201.4813538
Ta Loas,KH020606,,,,Moung Ruessei,KH0206,Battambang,KH02,Cambodia,KH,136.0234222
Ta Lon,KH081014,,,,S'ang,KH0810,Kandal,KH08,Cambodia,KH,30.59900856
Ta Lou,KH150109,,,,Bakan,KH1501,Pursat,KH15,Cambodia,KH,305.1796875
Ta Mao,KH100308,,,,Prek Prasab,KH1003,Kratie,KH10,Cambodia,KH,123.3193588
Ta Meun,KH020202,,,,Thma Koul,KH0202,Battambang,KH02,Cambodia,KH,119.0582428
Ta Noun,KH090103,,,,Botum Sakor,KH0901,Koh Kong,KH09,Cambodia,KH,266.5697937
Ta Ong,KH030207,,,,Chamkar Leu,KH0302,Kampong Cham,KH03,Cambodia,KH,136.3314056
Ta Ou,KH210412,,,,Kiri Vong,KH2104,Takeo,KH21,Cambodia,KH,46.72964478
Ta Phem,KH210912,,,,Tram Kak,KH2109,Takeo,KH21,Cambodia,KH,31.33242989
Ta Phou,KH010806,,,,Svay Chek,KH0108,Banteay Meanchey,KH01,Cambodia,KH,80.00415039
Ta Pon,KH020803,,,,Sangkae,KH0208,Battambang,KH02,Cambodia,KH,191.2732544
Ta Prok,KH030208,,,,Chamkar Leu,KH0302,Kampong Cham,KH03,Cambodia,KH,17.5225563
Ta Pung,KH020201,,,,Thma Koul,KH0202,Battambang,KH02,Cambodia,KH,108.1377182
Ta Saen,KH021205,,,,Kamrieng,KH0212,Battambang,KH02,Cambodia,KH,83.99834442
Ta Sal,KH050405,,,,Aoral,KH0504,Kampong Speu,KH05,Cambodia,KH,1297.453613
Ta Sanh,KH020907,,,,Samlout,KH0209,Battambang,KH02,Cambodia,KH,218.2166443
Ta Saom,KH170107,,,,Angkor Chum,KH1701,Siemreap,KH17,Cambodia,KH,48.14040375
Ta Sda,KH021003,,,,Sampov Lun,KH0210,Battambang,KH02,Cambodia,KH,70.83503723
Ta Siem,KH171305,,,,Svay Leu,KH1713,Siemreap,KH17,Cambodia,KH,396.7187805
Ta Suos,KH200505,,,,Svay Chrum,KH2005,Svay Rieng,KH20,Cambodia,KH,40.57247543
Ta Tai Kraom,KH090303,,,,Kaoh Kong,KH0903,Koh Kong,KH09,Cambodia,KH,201.2720337
Ta Taok,KH020901,,,,Samlout,KH0209,Battambang,KH02,Cambodia,KH,178.8277588
Ta Tey Leu,KH090701,,,,Thma Bang,KH0907,Koh Kong,KH09,Cambodia,KH,1780.699097
Ta Veaeng Kraom,KH160802,,,,Ta Veaeng,KH1608,Ratanak Kiri,KH16,Cambodia,KH,557.8656006
Ta Veaeng Leu,KH160801,,,,Ta Veaeng,KH1608,Ratanak Kiri,KH16,Cambodia,KH,1713.272949
Ta Yaek,KH171110,,,,Soutr Nikom,KH1711,Siemreap,KH17,Cambodia,KH,83.06163788
Takaen,KH070302,,,,Chhuk,KH0703,Kampot,KH07,Cambodia,KH,376.5522461
Tang Doung,KH210212,,,,Bati,KH2102,Takeo,KH21,Cambodia,KH,20.22662735
Tang Krang,KH030109,,,,Batheay,KH0301,Kampong Cham,KH03,Cambodia,KH,37.69452667
Tang Krasang,KH030110,,,,Batheay,KH0301,Kampong Cham,KH03,Cambodia,KH,42.93652725
Tang Krasang,KH040807,,,,Tuek Phos,KH0408,Kampong Chhnang,KH04,Cambodia,KH,131.0312653
Tang Krasang,KH060708,,,,Santuk,KH0607,Kampong Thom,KH06,Cambodia,KH,51.86421204
Tang Krasau,KH060505,,,,Prasat Sambour,KH0605,Kampong Thom,KH06,Cambodia,KH,143.7422943
Tang Krouch,KH050711,,,,Samraong Tong,KH0507,Kampong Speu,KH05,Cambodia,KH,40.39867783
Tang Samraong,KH050610,,,,Phnum Sruoch,KH0506,Kampong Speu,KH05,Cambodia,KH,133.7009583
Tang Sya,KH050611,,,,Phnum Sruoch,KH0506,Kampong Speu,KH05,Cambodia,KH,55.77288437
Tang Yab,KH210613,,,,Prey Kabbas,KH2106,Takeo,KH21,Cambodia,KH,17.95018387
Tani,KH070111,,,,Angkor Chey,KH0701,Kampot,KH07,Cambodia,KH,39.98503113
Tasu,KH130102,,,,Chey Saen,KH1301,Preah Vihear,KH13,Cambodia,KH,143.33992
Tbaeng,KH060208,,,,Kampong Svay,KH0602,Kampong Thom,KH06,Cambodia,KH,141.6721802
Tbaeng,KH080125,,,,Kandal Stueng,KH0801,Kandal,KH08,Cambodia,KH,22.52619553
Tbaeng,KH170306,,,,Banteay Srei,KH1703,Siemreap,KH17,Cambodia,KH,143.1177673
Tbaeng Khpos,KH040708,,,,Sameakki Mean Chey,KH0407,Kampong Chhnang,KH04,Cambodia,KH,70.39582062
Tboung Krapeu,KH060710,,,,Santuk,KH0607,Kampong Thom,KH06,Cambodia,KH,36.28086472
Tean Kam,KH010407,,,,Preah Netr Preah,KH0104,Banteay Meanchey,KH01,Cambodia,KH,59.74986267
Teun,KH160404,,,,Koun Mom,KH1604,Ratanak Kiri,KH16,Cambodia,KH,302.0705566
Thala Barivat,KH190511,,,,Thala Barivat,KH1905,Stung Treng,KH19,Cambodia,KH,88.73667145
Theay,KH140109,,,,Ba Phnum,KH1401,Prey Veng,KH14,Cambodia,KH,38.80057526
Thipakdei,KH021301,,,,Koas Krala,KH0213,Battambang,KH02,Cambodia,KH,132.3365936
Thkov,KH140313,,,,Kampong Trabaek,KH1403,Prey Veng,KH14,Cambodia,KH,29.61895943
Thlat,KH220105,,,,Anlong Veaeng,KH2201,Oddar Meanchey,KH22,Cambodia,KH,211.1643982
Thlea Prachum,KH210506,,,,Kaoh Andaet,KH2105,Takeo,KH21,Cambodia,KH,33.68599319
Thlok,KH200517,,,,Svay Chrum,KH2005,Svay Rieng,KH20,Cambodia,KH,19.54923439
Thlok,KH211013,,,,Treang,KH2110,Takeo,KH21,Cambodia,KH,48.41818619
Thlok Vien,KH040709,,,,Sameakki Mean Chey,KH0407,Kampong Chhnang,KH04,Cambodia,KH,39.67826462
Thma Andaeuk,KH100608,,,,Chetr Borei,KH1006,Kratie,KH10,Cambodia,KH,57.8147583
Thma Da,KH150605,,,,Veal Veaeng,KH1506,Pursat,KH15,Cambodia,KH,806.0599976
Thma Doun Pov,KH090706,,,,Thma Bang,KH0907,Koh Kong,KH09,Cambodia,KH,507.1827698
Thma Edth,KH040510,,,,Kampong Tralach,KH0405,Kampong Chhnang,KH04,Cambodia,KH,34.00470352
Thma Kor,KH080614,,,,Lvea Aem,KH0806,Kandal,KH08,Cambodia,KH,11.39292622
Thma Kreae,KH100609,,,,Chetr Borei,KH1006,Kratie,KH10,Cambodia,KH,18.59094429
Thma Pech,KH250713,,,,Tboung Khmum,KH2507,Tboung Khmum,KH25,Cambodia,KH,82.58015442
Thma Pun,KH031313,,,,Prey Chhor,KH0313,Kampong Cham,KH03,Cambodia,KH,31.7875309
Thma Pun,KH140407,,,,Kanhchriech,KH1404,Prey Veng,KH14,Cambodia,KH,36.21100998
Thma Puok,KH010704,,,,Thma Puok,KH0107,Banteay Meanchey,KH01,Cambodia,KH,133.0229187
Thma Sa,KH090104,,,,Botum Sakor,KH0901,Koh Kong,KH09,Cambodia,KH,242.7063141
Thmea,KH130105,,,,Chey Saen,KH1301,Preah Vihear,KH13,Cambodia,KH,352.5534363
Thmea,KH200302,,,,Rumduol,KH2003,Svay Rieng,KH20,Cambodia,KH,19.53886223
Thmei,KH070716,,,,Tuek Chhou,KH0707,Kampot,KH07,Cambodia,KH,67.92499542
Thmei,KH080108,,,,Kandal Stueng,KH0801,Kandal,KH08,Cambodia,KH,6.299736977
Thmei,KH100610,,,,Chetr Borei,KH1006,Kratie,KH10,Cambodia,KH,454.306427
Thmei,KH130403,,,,Kuleaen,KH1304,Preah Vihear,KH13,Cambodia,KH,279.230011
Thmei,KH200211,,,,Kampong Rou,KH2002,Svay Rieng,KH20,Cambodia,KH,39.8676796
Thna Thnong,KH200310,,,,Rumduol,KH2003,Svay Rieng,KH20,Cambodia,KH,29.64835358
Thummoda Ar,KH050712,,,,Samraong Tong,KH0507,Kampong Speu,KH05,Cambodia,KH,53.42237854
Ti Pou,KH060709,,,,Santuk,KH0607,Kampong Thom,KH06,Cambodia,KH,352.4677124
Tien,KH120520,,,,Dangkao,KH1205,Phnom Penh,KH12,Cambodia,KH,5.096967697
Ting Chak,KH160306,,,,Bar Kaev,KH1603,Ratanak Kiri,KH16,Cambodia,KH,47.20359802
Tma Kaev,KH190305,,,,Siem Pang,KH1903,Stung Treng,KH19,Cambodia,KH,375.7972717
Tnaot,KH140408,,,,Kanhchriech,KH1404,Prey Veng,KH14,Cambodia,KH,25.08003807
Tnaot,KH200212,,,,Kampong Rou,KH2002,Svay Rieng,KH20,Cambodia,KH,43.48659134
Tnaot,KH210213,,,,Bati,KH2102,Takeo,KH21,Cambodia,KH,20.31593132
Tnaot Chum,KH060117,,,,Baray,KH0601,Kampong Thom,KH06,Cambodia,KH,60.93855667
Tnaot Chum,KH150311,,,,Krakor,KH1503,Pursat,KH15,Cambodia,KH,168.9237671
Tnoat Chong Srang,KH070209,,,,Banteay Meas,KH0702,Kampot,KH07,Cambodia,KH,47.96598816
Toap Mean,KH050806,,,,Thpong,KH0508,Kampong Speu,KH05,Cambodia,KH,83.09307861
Tong Rong,KH031314,,,,Prey Chhor,KH0313,Kampong Cham,KH03,Cambodia,KH,18.22048759
Tong Tralach,KH031414,,,,Srei Santhor,KH0314,Kampong Cham,KH03,Cambodia,KH,19.71626091
Tonle Basak,KH120101,,,,Chamkar Mon,KH1201,Phnom Penh,KH12,Cambodia,KH,4.560619831
Tonle Bet,KH250714,,,,Tboung Khmum,KH2507,Tboung Khmum,KH25,Cambodia,KH,51.23708344
Tonlung,KH250312,,,,Memot,KH2503,Tboung Khmum,KH25,Cambodia,KH,256.04422
Totung,KH070508,,,,Dang Tong,KH0705,Kampot,KH07,Cambodia,KH,28.02762985
Trab,KH030111,,,,Batheay,KH0301,Kampong Cham,KH03,Cambodia,KH,160.0767975
Trabaek,KH140208,,,,Kamchay Mear,KH1402,Prey Veng,KH14,Cambodia,KH,42.23127747
Trach Tong,KH050509,,,,Odongk,KH0505,Kampong Speu,KH05,Cambodia,KH,45.64683533
Traeng,KH020704,,,,Rotonak Mondol,KH0207,Battambang,KH02,Cambodia,KH,343.7059631
Traeng Trayueng,KH050613,,,,Phnum Sruoch,KH0506,Kampong Speu,KH05,Cambodia,KH,601.4158936
Traeuy Kaoh,KH070805,,,,Kampot,KH0708,Kampot,KH07,Cambodia,KH,21.62299728
Traeuy Sla,KH081015,,,,S'ang,KH0810,Kandal,KH08,Cambodia,KH,49.49202728
Tralach,KH211014,,,,Treang,KH2110,Takeo,KH21,Cambodia,KH,17.98249817
Tram Kak,KH210913,,,,Tram Kak,KH2109,Takeo,KH21,Cambodia,KH,48.21534729
Tram Sasar,KH171203,,,,Srei Snam,KH1712,Siemreap,KH17,Cambodia,KH,88.95352173
Tramaeng,KH070314,,,,Chhuk,KH0703,Kampot,KH07,Cambodia,KH,16.6799221
Tramung,KH250313,,,,Memot,KH2503,Tboung Khmum,KH25,Cambodia,KH,81.945755
Trang,KH021204,,,,Kamrieng,KH0212,Battambang,KH02,Cambodia,KH,51.37995529
Trangel,KH040409,,,,Kampong Leaeng,KH0404,Kampong Chhnang,KH04,Cambodia,KH,36.39891434
Trapeang Bei,KH070313,,,,Chhuk,KH0703,Kampot,KH07,Cambodia,KH,12.67507458
Trapeang Chan,KH040111,,,,Baribour,KH0401,Kampong Chhnang,KH04,Cambodia,KH,38.95059586
Trapeang Chorng,KH150110,,,,Bakan,KH1501,Pursat,KH15,Cambodia,KH,82.86503601
Trapeang Chour,KH050403,,,,Aoral,KH0504,Kampong Speu,KH05,Cambodia,KH,510.1337891
Trapeang Chres,KH160405,,,,Koun Mom,KH1604,Ratanak Kiri,KH16,Cambodia,KH,256.3543396
Trapeang Kong,KH050713,,,,Samraong Tong,KH0507,Kampong Speu,KH05,Cambodia,KH,32.69251633
Trapeang Kor,KH030310,,,,Cheung Prey,KH0303,Kampong Cham,KH03,Cambodia,KH,26.6229496
Trapeang Kraham,KH160406,,,,Koun Mom,KH1604,Ratanak Kiri,KH16,Cambodia,KH,464.6148376
Trapeang Kranhoung,KH210907,,,,Tram Kak,KH2109,Takeo,KH21,Cambodia,KH,46.84545517
Trapeang Krasang,KH120901,,,,Pur SenChey,KH1209,Phnom Penh,KH12,Cambodia,KH,9.074474335
Trapeang Krasang,KH210214,,,,Bati,KH2102,Takeo,KH21,Cambodia,KH,18.03577423
Trapeang Phleang,KH070309,,,,Chhuk,KH0703,Kampot,KH07,Cambodia,KH,326.6691284
Trapeang Phlong,KH250507,,,,Ponhea Kraek,KH2505,Tboung Khmum,KH25,Cambodia,KH,139.2967682
Trapeang Prasat,KH220506,,,,Trapeang Prasat,KH2205,Oddar Meanchey,KH22,Cambodia,KH,502.2754517
Trapeang Preah,KH031315,,,,Prey Chhor,KH0313,Kampong Cham,KH03,Cambodia,KH,72.74061584
Trapeang Prei,KH220104,,,,Anlong Veaeng,KH2201,Oddar Meanchey,KH22,Cambodia,KH,112.9431229
Trapeang Pring,KH070717,,,,Tuek Chhou,KH0707,Kampot,KH07,Cambodia,KH,43.55634308
Trapeang Pring,KH250106,,,,Dambae,KH2501,Tboung Khmum,KH25,Cambodia,KH,203.182785
Trapeang Reang,KH070407,,,,Chum Kiri,KH0704,Kampot,KH07,Cambodia,KH,28.79144669
Trapeang Ruessei,KH060209,,,,Kampong Svay,KH0602,Kampong Thom,KH06,Cambodia,KH,144.3780823
Trapeang Rung,KH090304,,,,Kaoh Kong,KH0903,Koh Kong,KH09,Cambodia,KH,906.3748779
Trapeang Sab,KH210215,,,,Bati,KH2102,Takeo,KH21,Cambodia,KH,37.03450394
Trapeang Sala Khang Kaeut,KH070210,,,,Banteay Meas,KH0702,Kampot,KH07,Cambodia,KH,21.76398277
Trapeang Sala Khang Lech,KH070211,,,,Banteay Meas,KH0702,Kampot,KH07,Cambodia,KH,16.53227043
Trapeang Sangkae,KH070718,,,,Tuek Chhou,KH0707,Kampot,KH07,Cambodia,KH,13.35381222
Trapeang Sdau,KH200415,,,,Romeas Haek,KH2004,Svay Rieng,KH20,Cambodia,KH,56.0271492
Trapeang Srae,KH140508,,,,Me Sang,KH1405,Prey Veng,KH14,Cambodia,KH,43.21638107
Trapeang Tav,KH220103,,,,Anlong Veaeng,KH2201,Oddar Meanchey,KH22,Cambodia,KH,340.4361572
Trapeang Thum,KH070719,,,,Tuek Chhou,KH0707,Kampot,KH07,Cambodia,KH,3.160384417
Trapeang Thum,KH170909,,,,Prasat Bakong,KH1709,Siemreap,KH17,Cambodia,KH,28.21818924
Trapeang Thum Khang Cheung,KH210914,,,,Tram Kak,KH2109,Takeo,KH21,Cambodia,KH,27.00195122
Trapeang Thum Khang Tboung,KH210915,,,,Tram Kak,KH2109,Takeo,KH21,Cambodia,KH,32.64061737
Trapeang Veaeng,KH080127,,,,Kandal Stueng,KH0801,Kandal,KH08,Cambodia,KH,12.30593014
Tras,KH200416,,,,Romeas Haek,KH2004,Svay Rieng,KH20,Cambodia,KH,121.9099121
Trea,KH060813,,,,Stoung,KH0608,Kampong Thom,KH06,Cambodia,KH,118.9370804
Trea,KH080128,,,,Kandal Stueng,KH0801,Kandal,KH08,Cambodia,KH,20.09859085
Trea,KH210711,,,,Samraong,KH2107,Takeo,KH21,Cambodia,KH,27.49263573
Trea,KH250211,,,,Krouch Chhmar,KH2502,Tboung Khmum,KH25,Cambodia,KH,37.45630646
Trean,KH030614,,,,Kampong Siem,KH0306,Kampong Cham,KH03,Cambodia,KH,43.10375595
Treas,KH010807,,,,Svay Chek,KH0108,Banteay Meanchey,KH01,Cambodia,KH,163.3897552
Trei Nhoar,KH170715,,,,Puok,KH1707,Siemreap,KH17,Cambodia,KH,54.59090042
Triek,KH250314,,,,Memot,KH2503,Tboung Khmum,KH25,Cambodia,KH,36.93057251
Triel,KH060118,,,,Baray,KH0601,Kampong Thom,KH06,Cambodia,KH,160.4312286
Tuek Chour,KH010408,,,,Preah Netr Preah,KH0104,Banteay Meanchey,KH01,Cambodia,KH,77.01039886
Tuek Chrov,KH250107,,,,Dambae,KH2501,Tboung Khmum,KH25,Cambodia,KH,82.6344986
Tuek Hout,KH040613,,,,Rolea B'ier,KH0406,Kampong Chhnang,KH04,Cambodia,KH,47.51786041
Tuek Khleang,KH080615,,,,Lvea Aem,KH0806,Kandal,KH08,Cambodia,KH,11.6754427
Tuek Kraham,KH130302,,,,Choam Ksant,KH1303,Preah Vihear,KH13,Cambodia,KH,204.4859924
Tuek L'ak,KH050312,Tuek Lak,,,Kong Pisei,KH0503,Kampong Speu,KH05,Cambodia,KH,15.71882725
Tuek L'ak,KH180211,Tuek Lak,,,Prey Nob,KH1802,Preah Sihanouk,KH18,Cambodia,KH,35.4620285
Tuek L'ak Ti Bei,KH120406,Tuek Lak Ti Bei,,,Tuol Kouk,KH1204,Phnom Penh,KH12,Cambodia,KH,1.085209846
Tuek L'ak Ti Muoy,KH120404,Tuek Lak Ti Muoy,,,Tuol Kouk,KH1204,Phnom Penh,KH12,Cambodia,KH,0.830697894
Tuek L'ak Ti Pir,KH120405,Tuek Lak Ti Pir,,,Tuol Kouk,KH1204,Phnom Penh,KH12,Cambodia,KH,0.389050394
Tuek Thla,KH010608,,,,Serei Saophoan,KH0106,Banteay Meanchey,KH01,Cambodia,KH,51.1779747
Tuek Thla,KH120802,,,,Saensokh,KH1208,Phnom Penh,KH12,Cambodia,KH,6.897627354
Tuek Thla,KH141311,,,,Svay Antor,KH1413,Prey Veng,KH14,Cambodia,KH,37.29167175
Tuek Thla,KH180212,,,,Prey Nob,KH1802,Preah Sihanouk,KH18,Cambodia,KH,72.11794281
Tuek Vil,KH081016,,,,S'ang,KH0810,Kandal,KH08,Cambodia,KH,21.30631447
Tuek Vil,KH171013,,,,Siem Reap,KH1710,Siemreap,KH17,Cambodia,KH,45.08647156
Tuk Meas Khang Kaeut,KH070212,,,,Banteay Meas,KH0702,Kampot,KH07,Cambodia,KH,27.64558601
Tuk Meas Khang Lech,KH070213,,,,Banteay Meas,KH0702,Kampot,KH07,Cambodia,KH,34.78416061
Tum Ring,KH060609,,,,Sandan,KH0606,Kampong Thom,KH06,Cambodia,KH,448.3845825
Tumnob,KH030112,,,,Batheay,KH0301,Kampong Cham,KH03,Cambodia,KH,18.94589043
Tumnob Dach,KH220505,,,,Trapeang Prasat,KH2205,Oddar Meanchey,KH22,Cambodia,KH,146.5440216
Tumnob Rolok,KH180303,,,,Stueng Hav,KH1803,Preah Sihanouk,KH18,Cambodia,KH,51.55966568
Tumnob Thum,KH080913,,,,Ponhea Lueu,KH0809,Kandal,KH08,Cambodia,KH,26.61344719
Tumnob Tuek,KH120108,,,,Chamkar Mon,KH1201,Phnom Penh,KH12,Cambodia,KH,0.86292237
Tumpoar Meas,KH050714,,,,Samraong Tong,KH0507,Kampong Speu,KH05,Cambodia,KH,173.7362518
Tuol Ampil,KH050111,,,,Basedth,KH0501,Kampong Speu,KH05,Cambodia,KH,24.93351555
Tuol Khpos,KH040808,,,,Tuek Phos,KH0408,Kampong Chhnang,KH04,Cambodia,KH,134.974411
Tuol Kokir,KH090503,,,,Mondol Seima,KH0905,Koh Kong,KH09,Cambodia,KH,71.00370789
Tuol Kreul,KH060407,,,,Prasat Ballangk,KH0604,Kampong Thom,KH06,Cambodia,KH,178.6451874
Tuol Lvea,KH240103,,,,Pailin,KH2401,Pailin,KH24,Cambodia,KH,100.3669662
Tuol Pongro,KH010905,,,,Malai,KH0109,Banteay Meanchey,KH01,Cambodia,KH,160.4914093
Tuol Preah Khleang,KH031513,,,,Stueng Trang,KH0315,Kampong Cham,KH03,Cambodia,KH,77.90671539
Tuol Prech,KH080816,,,,Angk Snuol,KH0808,Kandal,KH08,Cambodia,KH,33.08016968
Tuol Sala,KH050112,,,,Basedth,KH0501,Kampong Speu,KH05,Cambodia,KH,28.35831642
Tuol Sambuor,KH031514,,,,Stueng Trang,KH0315,Kampong Cham,KH03,Cambodia,KH,182.421463
Tuol Sangke,KH120702,,,,Russey Keo,KH1207,Phnom Penh,KH12,Cambodia,KH,2.734128475
Tuol Sdei,KH200110,,,,Chantrea,KH2001,Svay Rieng,KH20,Cambodia,KH,73.32437897
Tuol Snuol,KH250212,,,,Krouch Chhmar,KH2502,Tboung Khmum,KH25,Cambodia,KH,122.5814514
Tuol Souphi,KH250407,,,,Ou Reang Ov,KH2504,Tboung Khmum,KH25,Cambodia,KH,47.06119156
Tuol Svay Prey Ti Muoy,KH120106,,,,Chamkar Mon,KH1201,Phnom Penh,KH12,Cambodia,KH,0.658300519
Tuol Svay Prey Ti Pir,KH120107,,,,Chamkar Mon,KH1201,Phnom Penh,KH12,Cambodia,KH,0.294422925
Tuol Ta Ek,KH020301,,,,Battambang,KH0203,Battambang,KH02,Cambodia,KH,3.702576399
Tuol Totueng,KH180213,,,,Prey Nob,KH1802,Preah Sihanouk,KH18,Cambodia,KH,52.36943436
Tuol Tumpung Ti Muoy,KH120110,,,,Chamkar Mon,KH1201,Phnom Penh,KH12,Cambodia,KH,0.646481037
Tuol Tumpung Ti Pir,KH120109,,,,Chamkar Mon,KH1201,Phnom Penh,KH12,Cambodia,KH,0.390385985
Vaot Ta Muem,KH020810,,,,Sangkae,KH0208,Battambang,KH02,Cambodia,KH,40.63104248
Varin,KH171405,,,,Varin,KH1714,Siemreap,KH17,Cambodia,KH,201.4904633
Veal,KH050313,,,,Kong Pisei,KH0503,Kampong Speu,KH05,Cambodia,KH,27.18185043
Veal,KH150209,,,,Kandieng,KH1502,Pursat,KH15,Cambodia,KH,5.327395916
Veal Mlu,KH250508,,,,Ponhea Kraek,KH2505,Tboung Khmum,KH25,Cambodia,KH,34.21818542
Veal Pon,KH050807,,,,Thpong,KH0508,Kampong Speu,KH05,Cambodia,KH,31.45064735
Veal Pong,KH050510,,,,Odongk,KH0505,Kampong Speu,KH05,Cambodia,KH,53.14505005
Veal Renh,KH180214,,,,Prey Nob,KH1802,Preah Sihanouk,KH18,Cambodia,KH,15.98210621
Veal Sbov,KH121205,,,,Chbar Ampov,KH1212,Phnom Penh,KH12,Cambodia,KH,7.802190304
Veal Vong,KH030504,,,,Kampong Cham,KH0305,Kampong Cham,KH03,Cambodia,KH,3.306101322
Veal Vong,KH120307,,,,Prampir Meakkakra,KH1203,Phnom Penh,KH12,Cambodia,KH,0.894306242
Veang Chas,KH050511,,,,Odongk,KH0505,Kampong Speu,KH05,Cambodia,KH,7.258042336
Veun Sai,KH160910,,,,Veun Sai,KH1609,Ratanak Kiri,KH16,Cambodia,KH,355.0875549
Vihear Luong,KH080914,,,,Ponhea Lueu,KH0809,Kandal,KH08,Cambodia,KH,7.752668858
Vihear Luong,KH250602,,,,Suong,KH2506,Tboung Khmum,KH25,Cambodia,KH,71.54177094
Vihear Suork,KH080318,,,,Khsach Kandal,KH0803,Kandal,KH08,Cambodia,KH,43.1930275
Vihear Thum,KH030615,,,,Kampong Siem,KH0306,Kampong Cham,KH03,Cambodia,KH,34.81689072
Voa Sar,KH050715,,,,Samraong Tong,KH0507,Kampong Speu,KH05,Cambodia,KH,29.1581707
Voadthonak,KH100410,,,,Sambour,KH1004,Kratie,KH10,Cambodia,KH,238.5028229
Voat Angk Khang Cheung,KH070214,,,,Banteay Meas,KH0702,Kampot,KH07,Cambodia,KH,12.70569229
Voat Angk Khang Tboung,KH070215,,,,Banteay Meas,KH0702,Kampot,KH07,Cambodia,KH,19.97323036
Voat Phnum,KH120211,,,,Doun Penh,KH1202,Phnom Penh,KH12,Cambodia,KH,0.622564256
Wat Kor,KH020308,,,,Battambang,KH0203,Battambang,KH02,Cambodia,KH,24.83315468
Ya Tung,KH160707,,,,Ou Ya Dav,KH1607,Ratanak Kiri,KH16,Cambodia,KH,440.5003967
Yea Angk,KH050808,,,,Thpong,KH0508,Kampong Speu,KH05,Cambodia,KH,151.140152
Yeak Laom,KH160203,,,,Ban Lung,KH1602,Ratanak Kiri,KH16,Cambodia,KH,57.21286392
Yeang,KH130305,,,,Choam Ksant,KH1303,Preah Vihear,KH13,Cambodia,KH,679.4727783
Yeang,KH170716,,,,Puok,KH1707,Siemreap,KH17,Cambodia,KH,43.79693222
Yutth Sameakki,KH050512,,,,Odongk,KH0505,Kampong Speu,KH05,Cambodia,KH,36.41724777